aid,name,email
1,Camila Patterson,camila.patterson@research.org
2,Victoria Reed,victoria.reed@research.org
3,Michael Young,michael.young@research.org
4,Harper Ramos,harper.ramos@research.org
5,Owen Perez,owen.perez@research.org
6,Emily Turner,emily.turner@research.org
7,Michael Kelly,michael.kelly@research.org
8,Penelope Zimmerman,penelope.zimmerman@research.org
9,Mia Ross,mia.ross@research.org
10,Ava Kelly,ava.kelly@research.org
11,Sophia White,sophia.white@research.org
12,Emma Turner,emma.turner@research.org
13,Elijah Foster,elijah.foster@research.org
14,Ava Ortiz,ava.ortiz@research.org
15,James Hughes,james.hughes@research.org
16,Liam Jacobs,liam.jacobs@research.org
17,Ethan Torres,ethan.torres@research.org
18,Elijah Simmons,elijah.simmons@research.org
19,Daniel Reed,daniel.reed@research.org
20,Daniel Lewis,daniel.lewis@research.org
21,Matthew Bennett,matthew.bennett@research.org
22,Daniel Murphy,daniel.murphy@research.org
23,Abigail Zimmerman,abigail.zimmerman@research.org
24,Olivia Hernandez,olivia.hernandez@research.org
25,Ella Carter,ella.carter@research.org
26,Camila Watson,camila.watson@research.org
27,Benjamin Ortiz,benjamin.ortiz@research.org
28,Ella Hernandez,ella.hernandez@research.org
29,Aria Kelly,aria.kelly@research.org
30,Elijah Edwards,elijah.edwards@research.org
31,Camila Nelson,camila.nelson@research.org
32,Mia Young,mia.young@research.org
33,Michael Roberts,michael.roberts@research.org
34,Noah Simmons,noah.simmons@research.org
35,Alexander Young,alexander.young@research.org
36,Ethan Lewis,ethan.lewis@research.org
37,Mason Lewis,mason.lewis@research.org
38,Ella Anderson,ella.anderson@research.org
39,Scarlett Coleman,scarlett.coleman@research.org
40,Emily Jacobs,emily.jacobs@research.org
41,Abigail Turner,abigail.turner@research.org
42,Evelyn Reynolds,evelyn.reynolds@research.org
43,Henry Roberts,henry.roberts@research.org
44,Alexander Lewis,alexander.lewis@research.org
45,Liam Foster,liam.foster@research.org
46,Madison Zimmerman,madison.zimmerman@research.org
47,Emma Diaz,emma.diaz@research.org
48,Emma Carter,emma.carter@research.org
49,Olivia Ross,olivia.ross@research.org
50,Madison Foster,madison.foster@research.org
51,Sebastian Edwards,sebastian.edwards@research.org
52,Henry Murphy,henry.murphy@research.org
53,Victoria Carter,victoria.carter@research.org
54,Victoria Roberts,victoria.roberts@research.org
55,Chloe Kelly,chloe.kelly@research.org
56,Ava Jenkins,ava.jenkins@research.org
57,Aria Zimmerman,aria.zimmerman@research.org
58,Emily Bennett,emily.bennett@research.org
59,Sophia Murphy,sophia.murphy@research.org
60,Lucas Kelly,lucas.kelly@research.org
61,Henry Jacobs,henry.jacobs@research.org
62,Alexander White,alexander.white@research.org
63,Aria Edwards,aria.edwards@research.org
64,Olivia Bennett,olivia.bennett@research.org
65,Matthew Coleman,matthew.coleman@research.org
66,Owen Murphy,owen.murphy@research.org
67,Matthew Simmons,matthew.simmons@research.org
68,Ella Bennett,ella.bennett@research.org
69,Sophia Simmons,sophia.simmons@research.org
70,Isabella Simmons,isabella.simmons@research.org
71,Aiden Quinn,aiden.quinn@research.org
72,Camila Kelly,camila.kelly@research.org
73,Logan Hughes,logan.hughes@research.org
74,Aria Iverson,aria.iverson@research.org
75,Penelope Jacobs,penelope.jacobs@research.org
76,Madison Jenkins,madison.jenkins@research.org
77,Elijah Roberts,elijah.roberts@research.org
78,Daniel Turner,daniel.turner@research.org
79,Samuel Watson,samuel.watson@research.org
80,Sophia Gonzalez,sophia.gonzalez@research.org
81,Liam Young,liam.young@research.org
82,Aiden Reynolds,aiden.reynolds@research.org
83,Daniel Jenkins,daniel.jenkins@research.org
84,Isabella White,isabella.white@research.org
85,Owen Ortiz,owen.ortiz@research.org
86,Ava Reynolds,ava.reynolds@research.org
87,Aria Hernandez,aria.hernandez@research.org
88,Amelia Watson,amelia.watson@research.org
89,Benjamin Turner,benjamin.turner@research.org
90,Daniel Edwards,daniel.edwards@research.org
91,Owen Bennett,owen.bennett@research.org
92,Michael Nelson,michael.nelson@research.org
93,Michael Watson,michael.watson@research.org
94,Sophia Coleman,sophia.coleman@research.org
95,Aria Hernandez,aria.hernandez@research.org
96,Jackson Bryant,jackson.bryant@research.org
97,Jackson Bryant,jackson.bryant@research.org
98,Evelyn Perez,evelyn.perez@research.org
99,Chloe Murphy,chloe.murphy@research.org
100,Ella Hernandez,ella.hernandez@research.org
101,Mia Perez,mia.perez@research.org
102,Harper Coleman,harper.coleman@research.org
103,Ella Kelly,ella.kelly@research.org
104,Evelyn Iverson,evelyn.iverson@research.org
105,Grace Lewis,grace.lewis@research.org
106,Evelyn Bryant,evelyn.bryant@research.org
107,Evelyn Hernandez,evelyn.hernandez@research.org
108,Madison White,madison.white@research.org
109,Chloe Foster,chloe.foster@research.org
110,Sophia Edwards,sophia.edwards@research.org
111,Jackson Nelson,jackson.nelson@research.org
112,Noah Anderson,noah.anderson@research.org
113,Matthew Young,matthew.young@research.org
114,Grace Diaz,grace.diaz@research.org
115,Sophia Lewis,sophia.lewis@research.org
116,Olivia Zimmerman,olivia.zimmerman@research.org
117,Liam Hughes,liam.hughes@research.org
118,Abigail Reynolds,abigail.reynolds@research.org
119,Owen Turner,owen.turner@research.org
120,Benjamin Ramos,benjamin.ramos@research.org
121,Penelope Turner,penelope.turner@research.org
122,Ella Nelson,ella.nelson@research.org
123,Emily Zimmerman,emily.zimmerman@research.org
124,Emily Hernandez,emily.hernandez@research.org
125,Benjamin Roberts,benjamin.roberts@research.org
126,Emily Patterson,emily.patterson@research.org
127,Liam Ortiz,liam.ortiz@research.org
128,Ethan Patterson,ethan.patterson@research.org
129,Emily Bryant,emily.bryant@research.org
130,Sophia Torres,sophia.torres@research.org
131,Camila Morgan,camila.morgan@research.org
132,Evelyn Turner,evelyn.turner@research.org
133,Ella Nelson,ella.nelson@research.org
134,Samuel Bryant,samuel.bryant@research.org
135,Victoria Coleman,victoria.coleman@research.org
136,Ethan Reed,ethan.reed@research.org
137,Ava Diaz,ava.diaz@research.org
138,Mason Coleman,mason.coleman@research.org
139,Abigail Hernandez,abigail.hernandez@research.org
140,Mason Torres,mason.torres@research.org
141,Owen Patterson,owen.patterson@research.org
142,Jackson Young,jackson.young@research.org
143,Noah Simmons,noah.simmons@research.org
144,Aria Ross,aria.ross@research.org
145,Samuel Jenkins,samuel.jenkins@research.org
146,Ethan Carter,ethan.carter@research.org
147,Michael Wright,michael.wright@research.org
148,Olivia Turner,olivia.turner@research.org
149,Michael Murphy,michael.murphy@research.org
150,Harper Morgan,harper.morgan@research.org
151,Mason Kelly,mason.kelly@research.org
152,Camila Stewart,camila.stewart@research.org
153,Aiden Ross,aiden.ross@research.org
154,Alexander Iverson,alexander.iverson@research.org
155,Aiden Mccarthy,aiden.mccarthy@research.org
156,Aiden Murphy,aiden.murphy@research.org
157,Jackson Torres,jackson.torres@research.org
158,Alexander Nelson,alexander.nelson@research.org
159,Alexander Diaz,alexander.diaz@research.org
160,Victoria Young,victoria.young@research.org
161,Mia Kelly,mia.kelly@research.org
162,Mason Mccarthy,mason.mccarthy@research.org
163,Daniel Nelson,daniel.nelson@research.org
164,Ava Simmons,ava.simmons@research.org
165,Benjamin Mccarthy,benjamin.mccarthy@research.org
166,Madison Iverson,madison.iverson@research.org
167,Lucas Bryant,lucas.bryant@research.org
168,Emily Perez,emily.perez@research.org
169,Chloe Coleman,chloe.coleman@research.org
170,Benjamin Simmons,benjamin.simmons@research.org
171,Henry Turner,henry.turner@research.org
172,Ava Morgan,ava.morgan@research.org
173,Chloe Lewis,chloe.lewis@research.org
174,Grace Bryant,grace.bryant@research.org
175,Jackson Jacobs,jackson.jacobs@research.org
176,Owen Mccarthy,owen.mccarthy@research.org
177,Harper White,harper.white@research.org
178,Lucas Anderson,lucas.anderson@research.org
179,Emma Bennett,emma.bennett@research.org
180,Jacob Simmons,jacob.simmons@research.org
181,Lucas Kelly,lucas.kelly@research.org
182,Michael Edwards,michael.edwards@research.org
183,Sophia Zimmerman,sophia.zimmerman@research.org
184,Jackson Foster,jackson.foster@research.org
185,Daniel Hughes,daniel.hughes@research.org
186,Matthew Bryant,matthew.bryant@research.org
187,Matthew Ross,matthew.ross@research.org
188,Jackson Ramos,jackson.ramos@research.org
189,Alexander Anderson,alexander.anderson@research.org
190,Logan Nelson,logan.nelson@research.org
191,Harper Mccarthy,harper.mccarthy@research.org
192,Victoria Simmons,victoria.simmons@research.org
193,Scarlett Simmons,scarlett.simmons@research.org
194,Ava Mccarthy,ava.mccarthy@research.org
195,Abigail Torres,abigail.torres@research.org
196,Amelia Bennett,amelia.bennett@research.org
197,Ava Bennett,ava.bennett@research.org
198,Penelope Roberts,penelope.roberts@research.org
199,Matthew Mccarthy,matthew.mccarthy@research.org
200,Samuel Torres,samuel.torres@research.org
201,Mia Zimmerman,mia.zimmerman@research.org
202,Chloe Hernandez,chloe.hernandez@research.org
203,Ethan Edwards,ethan.edwards@research.org
204,Jackson Morgan,jackson.morgan@research.org
205,Jacob Kelly,jacob.kelly@research.org
206,Henry Zimmerman,henry.zimmerman@research.org
207,Benjamin Ortiz,benjamin.ortiz@research.org
208,Alexander Wright,alexander.wright@research.org
209,Chloe Ortiz,chloe.ortiz@research.org
210,Jackson Wright,jackson.wright@research.org
211,Abigail Patterson,abigail.patterson@research.org
212,Ava Reed,ava.reed@research.org
213,Benjamin Bennett,benjamin.bennett@research.org
214,Aria Bennett,aria.bennett@research.org
215,Mason Carter,mason.carter@research.org
216,Olivia Jacobs,olivia.jacobs@research.org
217,Harper Watson,harper.watson@research.org
218,Scarlett Bryant,scarlett.bryant@research.org
219,Jackson Jacobs,jackson.jacobs@research.org
220,Ava Diaz,ava.diaz@research.org
221,Sebastian White,sebastian.white@research.org
222,Emma Mccarthy,emma.mccarthy@research.org
223,Penelope Perez,penelope.perez@research.org
224,James Bennett,james.bennett@research.org
225,Emma Carter,emma.carter@research.org
226,James Edwards,james.edwards@research.org
227,James Wright,james.wright@research.org
228,Sophia Coleman,sophia.coleman@research.org
229,Victoria Quinn,victoria.quinn@research.org
230,Michael Zimmerman,michael.zimmerman@research.org
231,Elijah Wright,elijah.wright@research.org
232,Benjamin Iverson,benjamin.iverson@research.org
233,Noah Murphy,noah.murphy@research.org
234,Noah Hernandez,noah.hernandez@research.org
235,Chloe White,chloe.white@research.org
236,Daniel Edwards,daniel.edwards@research.org
237,Benjamin Carter,benjamin.carter@research.org
238,Henry Reynolds,henry.reynolds@research.org
239,James Watson,james.watson@research.org
240,Jackson Hughes,jackson.hughes@research.org
241,Benjamin Jenkins,benjamin.jenkins@research.org
242,Olivia Carter,olivia.carter@research.org
243,Emma Coleman,emma.coleman@research.org
244,Elijah Patterson,elijah.patterson@research.org
245,Michael Reynolds,michael.reynolds@research.org
246,Sebastian Quinn,sebastian.quinn@research.org
247,Lucas Simmons,lucas.simmons@research.org
248,Scarlett Ross,scarlett.ross@research.org
249,Jacob Kelly,jacob.kelly@research.org
250,Grace Morgan,grace.morgan@research.org
251,Mason Young,mason.young@research.org
252,Grace Ross,grace.ross@research.org
253,Aiden Bennett,aiden.bennett@research.org
254,Madison Wright,madison.wright@research.org
255,Scarlett White,scarlett.white@research.org
256,Alexander Turner,alexander.turner@research.org
257,Daniel Bennett,daniel.bennett@research.org
258,Lucas Kelly,lucas.kelly@research.org
259,Ella Quinn,ella.quinn@research.org
260,Grace Kelly,grace.kelly@research.org
261,Emma Roberts,emma.roberts@research.org
262,Sophia Ramos,sophia.ramos@research.org
263,Isabella Lewis,isabella.lewis@research.org
264,Harper White,harper.white@research.org
265,Mia Turner,mia.turner@research.org
266,Owen Lewis,owen.lewis@research.org
267,Grace Patterson,grace.patterson@research.org
268,Olivia Carter,olivia.carter@research.org
269,Sebastian Jacobs,sebastian.jacobs@research.org
270,Noah Quinn,noah.quinn@research.org
271,Logan Stewart,logan.stewart@research.org
272,Liam Gonzalez,liam.gonzalez@research.org
273,Camila Jacobs,camila.jacobs@research.org
274,Evelyn Lewis,evelyn.lewis@research.org
275,Olivia Torres,olivia.torres@research.org
276,Elijah Foster,elijah.foster@research.org
277,Mason Stewart,mason.stewart@research.org
278,Michael Bryant,michael.bryant@research.org
279,Henry Patterson,henry.patterson@research.org
280,Elijah Reynolds,elijah.reynolds@research.org
281,Isabella Edwards,isabella.edwards@research.org
282,Ava Murphy,ava.murphy@research.org
283,Jackson Iverson,jackson.iverson@research.org
284,Owen Coleman,owen.coleman@research.org
285,Emily Jacobs,emily.jacobs@research.org
286,Jackson Reynolds,jackson.reynolds@research.org
287,Alexander Coleman,alexander.coleman@research.org
288,Noah Carter,noah.carter@research.org
289,Chloe Ramos,chloe.ramos@research.org
290,Alexander Roberts,alexander.roberts@research.org
291,Liam Quinn,liam.quinn@research.org
292,Ella Edwards,ella.edwards@research.org
293,Lucas Ramos,lucas.ramos@research.org
294,Chloe Reynolds,chloe.reynolds@research.org
295,Victoria Patterson,victoria.patterson@research.org
296,Liam Kelly,liam.kelly@research.org
297,Abigail Stewart,abigail.stewart@research.org
298,Olivia Jacobs,olivia.jacobs@research.org
299,Ethan Murphy,ethan.murphy@research.org
300,Aiden Roberts,aiden.roberts@research.org
301,Harper Lewis,harper.lewis@research.org
302,Ethan Hughes,ethan.hughes@research.org
303,Isabella Gonzalez,isabella.gonzalez@research.org
304,Olivia Reed,olivia.reed@research.org
305,Owen Lewis,owen.lewis@research.org
306,Owen Foster,owen.foster@research.org
307,Sophia Nelson,sophia.nelson@research.org
308,Evelyn Nelson,evelyn.nelson@research.org
309,Emma Edwards,emma.edwards@research.org
310,Benjamin Ramos,benjamin.ramos@research.org
311,Jacob Reynolds,jacob.reynolds@research.org
312,Victoria Stewart,victoria.stewart@research.org
313,Mason Torres,mason.torres@research.org
314,Matthew Nelson,matthew.nelson@research.org
315,Jacob Reed,jacob.reed@research.org
316,Benjamin Roberts,benjamin.roberts@research.org
317,Jackson Morgan,jackson.morgan@research.org
318,Ethan Roberts,ethan.roberts@research.org
319,Matthew Simmons,matthew.simmons@research.org
320,Samuel Morgan,samuel.morgan@research.org
321,Ava Perez,ava.perez@research.org
322,Liam Hernandez,liam.hernandez@research.org
323,Harper Carter,harper.carter@research.org
324,Ella Lewis,ella.lewis@research.org
325,Alexander Diaz,alexander.diaz@research.org
326,Alexander Gonzalez,alexander.gonzalez@research.org
327,Harper Zimmerman,harper.zimmerman@research.org
328,Mason Jenkins,mason.jenkins@research.org
329,Liam Torres,liam.torres@research.org
330,James Turner,james.turner@research.org
331,Sophia Jenkins,sophia.jenkins@research.org
332,Noah Ortiz,noah.ortiz@research.org
333,Emily Patterson,emily.patterson@research.org
334,Chloe Edwards,chloe.edwards@research.org
335,Chloe Hernandez,chloe.hernandez@research.org
336,Camila Quinn,camila.quinn@research.org
337,Sebastian Torres,sebastian.torres@research.org
338,Scarlett Edwards,scarlett.edwards@research.org
339,Ella Lewis,ella.lewis@research.org
340,Lucas Wright,lucas.wright@research.org
341,Jacob Jacobs,jacob.jacobs@research.org
342,Lucas Jacobs,lucas.jacobs@research.org
343,Emily Gonzalez,emily.gonzalez@research.org
344,Ella Patterson,ella.patterson@research.org
345,Henry Perez,henry.perez@research.org
346,Chloe Lewis,chloe.lewis@research.org
347,Camila Edwards,camila.edwards@research.org
348,Isabella Turner,isabella.turner@research.org
349,Benjamin Murphy,benjamin.murphy@research.org
350,Madison Patterson,madison.patterson@research.org
351,Daniel Bennett,daniel.bennett@research.org
352,Penelope Roberts,penelope.roberts@research.org
353,Ella Zimmerman,ella.zimmerman@research.org
354,Amelia Edwards,amelia.edwards@research.org
355,Benjamin Reynolds,benjamin.reynolds@research.org
356,James Hughes,james.hughes@research.org
357,Liam Perez,liam.perez@research.org
358,Liam Reed,liam.reed@research.org
359,Daniel Zimmerman,daniel.zimmerman@research.org
360,Madison Reed,madison.reed@research.org
361,Sebastian Iverson,sebastian.iverson@research.org
362,Emily Kelly,emily.kelly@research.org
363,Chloe Bennett,chloe.bennett@research.org
364,Alexander Sanders,alexander.sanders@research.org
365,Grace Roberts,grace.roberts@research.org
366,Isabella Bryant,isabella.bryant@research.org
367,Jackson Wright,jackson.wright@research.org
368,Noah Bennett,noah.bennett@research.org
369,Noah Quinn,noah.quinn@research.org
370,Olivia Kelly,olivia.kelly@research.org
371,Liam Gonzalez,liam.gonzalez@research.org
372,Grace Kelly,grace.kelly@research.org
373,Matthew Hughes,matthew.hughes@research.org
374,Sebastian Zimmerman,sebastian.zimmerman@research.org
375,Olivia Anderson,olivia.anderson@research.org
376,Daniel Patterson,daniel.patterson@research.org
377,Penelope Reynolds,penelope.reynolds@research.org
378,Jacob Roberts,jacob.roberts@research.org
379,Matthew Nelson,matthew.nelson@research.org
380,Madison Bennett,madison.bennett@research.org
381,Aiden Ortiz,aiden.ortiz@research.org
382,Camila Coleman,camila.coleman@research.org
383,Logan Watson,logan.watson@research.org
384,Henry White,henry.white@research.org
385,Alexander Simmons,alexander.simmons@research.org
386,Mason Anderson,mason.anderson@research.org
387,Ava Reynolds,ava.reynolds@research.org
388,Jackson Gonzalez,jackson.gonzalez@research.org
389,Alexander Ross,alexander.ross@research.org
390,Abigail Hughes,abigail.hughes@research.org
391,Ethan Jacobs,ethan.jacobs@research.org
392,Amelia Turner,amelia.turner@research.org
393,Scarlett Reynolds,scarlett.reynolds@research.org
394,Jacob Torres,jacob.torres@research.org
395,Jacob Perez,jacob.perez@research.org
396,Scarlett Bennett,scarlett.bennett@research.org
397,Sebastian Reynolds,sebastian.reynolds@research.org
398,Aria Kelly,aria.kelly@research.org
399,Daniel Bryant,daniel.bryant@research.org
400,Michael Reynolds,michael.reynolds@research.org
401,Samuel Torres,samuel.torres@research.org
402,Alexander Wright,alexander.wright@research.org
403,Ethan Turner,ethan.turner@research.org
404,Victoria Hughes,victoria.hughes@research.org
405,Elijah Foster,elijah.foster@research.org
406,Ella Kelly,ella.kelly@research.org
407,Ava Carter,ava.carter@research.org
408,Samuel Ross,samuel.ross@research.org
409,Aiden White,aiden.white@research.org
410,Chloe Bryant,chloe.bryant@research.org
411,Madison Anderson,madison.anderson@research.org
412,Jacob Foster,jacob.foster@research.org
413,Evelyn Simmons,evelyn.simmons@research.org
414,Samuel Anderson,samuel.anderson@research.org
415,Emily Hughes,emily.hughes@research.org
416,Isabella Torres,isabella.torres@research.org
417,Jackson Hernandez,jackson.hernandez@research.org
418,Samuel Turner,samuel.turner@research.org
419,Scarlett Hernandez,scarlett.hernandez@research.org
420,Ella Roberts,ella.roberts@research.org
421,Emma Sanders,emma.sanders@research.org
422,Jacob Iverson,jacob.iverson@research.org
423,Jacob Anderson,jacob.anderson@research.org
424,Sophia Bryant,sophia.bryant@research.org
425,Michael White,michael.white@research.org
426,Olivia Iverson,olivia.iverson@research.org
427,Emily Torres,emily.torres@research.org
428,Isabella Coleman,isabella.coleman@research.org
429,Mason Kelly,mason.kelly@research.org
430,Amelia Ramos,amelia.ramos@research.org
431,Emily Iverson,emily.iverson@research.org
432,Mia Kelly,mia.kelly@research.org
433,Lucas Reed,lucas.reed@research.org
434,Victoria Jenkins,victoria.jenkins@research.org
435,Henry Watson,henry.watson@research.org
436,Liam Jacobs,liam.jacobs@research.org
437,Alexander Quinn,alexander.quinn@research.org
438,Matthew Bennett,matthew.bennett@research.org
439,Mia Gonzalez,mia.gonzalez@research.org
440,Jackson Ramos,jackson.ramos@research.org
441,Madison Mccarthy,madison.mccarthy@research.org
442,Liam Hernandez,liam.hernandez@research.org
443,Madison Turner,madison.turner@research.org
444,Emily Young,emily.young@research.org
445,Jacob Bryant,jacob.bryant@research.org
446,Victoria Turner,victoria.turner@research.org
447,Camila Hughes,camila.hughes@research.org
448,Grace Young,grace.young@research.org
449,Aiden Nelson,aiden.nelson@research.org
450,Camila Stewart,camila.stewart@research.org
451,Sebastian Morgan,sebastian.morgan@research.org
452,Isabella Sanders,isabella.sanders@research.org
453,Ethan Coleman,ethan.coleman@research.org
454,Daniel Iverson,daniel.iverson@research.org
455,Ava Bryant,ava.bryant@research.org
456,Emily Jacobs,emily.jacobs@research.org
457,Emily Turner,emily.turner@research.org
458,Benjamin Bryant,benjamin.bryant@research.org
459,Chloe Anderson,chloe.anderson@research.org
460,Emma Young,emma.young@research.org
461,Emily Nelson,emily.nelson@research.org
462,Grace Stewart,grace.stewart@research.org
463,Scarlett Ramos,scarlett.ramos@research.org
464,Michael Mccarthy,michael.mccarthy@research.org
465,Ava Zimmerman,ava.zimmerman@research.org
466,Mason Kelly,mason.kelly@research.org
467,Lucas Stewart,lucas.stewart@research.org
468,Camila Anderson,camila.anderson@research.org
469,Harper Watson,harper.watson@research.org
470,Jacob Mccarthy,jacob.mccarthy@research.org
471,Olivia Turner,olivia.turner@research.org
472,Mia Reynolds,mia.reynolds@research.org
473,Scarlett White,scarlett.white@research.org
474,Sophia Stewart,sophia.stewart@research.org
475,Noah Ross,noah.ross@research.org
476,Mason Jenkins,mason.jenkins@research.org
477,Aria Anderson,aria.anderson@research.org
478,Camila Coleman,camila.coleman@research.org
479,Emily Nelson,emily.nelson@research.org
480,Abigail Patterson,abigail.patterson@research.org
481,Ava Torres,ava.torres@research.org
482,Chloe Ross,chloe.ross@research.org
483,Madison Young,madison.young@research.org
484,Penelope Hernandez,penelope.hernandez@research.org
485,Aiden Lewis,aiden.lewis@research.org
486,Daniel Patterson,daniel.patterson@research.org
487,Jackson Murphy,jackson.murphy@research.org
488,Lucas Gonzalez,lucas.gonzalez@research.org
489,Michael Ortiz,michael.ortiz@research.org
490,Victoria Reynolds,victoria.reynolds@research.org
491,Jacob Young,jacob.young@research.org
492,Liam Kelly,liam.kelly@research.org
493,Sophia Wright,sophia.wright@research.org
494,Ethan Turner,ethan.turner@research.org
495,Penelope Hernandez,penelope.hernandez@research.org
496,Aria Coleman,aria.coleman@research.org
497,Ava Bryant,ava.bryant@research.org
498,James Reed,james.reed@research.org
499,Evelyn Sanders,evelyn.sanders@research.org
500,Isabella Kelly,isabella.kelly@research.org
