id,name,sex
1,Christopher Smith,M
2,Charles Torres,M
3,Robert Lewis,M
4,Thomas Perez,M
5,James Campbell,M
6,Jacob Nelson,M
7,Frank Roberts,M
8,Steven Mitchell,M
9,Brandon Gonzalez,M
10,William Scott,M
11,Jason Moore,M
12,Daniel King,M
13,Christopher Jones,M
14,Frank Green,M
15,Christopher Nguyen,M
16,Joseph Allen,M
17,Benjamin Wright,M
18,Scott Harris,M
19,Dennis Ramirez,M
20,Paul Martin,M
21,Andrew Smith,M
22,Jason Roberts,M
23,Alexander Moore,M
24,Steven Wright,M
25,Eric Scott,M
26,Kenneth Perez,M
27,Matthew Rivera,M
28,Jason Martinez,M
29,James Carter,M
30,Nicholas Martinez,M
31,Frank Hall,M
32,Larry Harris,M
33,George Robinson,M
34,Robert Scott,M
35,Timothy Green,M
36,Brandon Carter,M
37,Mark Johnson,M
38,George King,M
39,Christopher Baker,M
40,Matthew Green,M
41,Brian Green,M
42,Raymond Young,M
43,John Campbell,M
44,Jack Thomas,M
45,Larry Thomas,M
46,Paul Lopez,M
47,Dennis Clark,M
48,William Torres,M
49,Jeffrey Thomas,M
50,Jack Rivera,M
51,Jeffrey Allen,M
52,Alexander Miller,M
53,Matthew Hernandez,M
54,Jeffrey Jones,M
55,Jason Green,M
56,Ronald Moore,M
57,Steven Ramirez,M
58,Dennis Roberts,M
59,Brian Flores,M
60,Kenneth Garcia,M
61,Joshua Johnson,M
62,Gary Smith,M
63,Dennis Taylor,M
64,Matthew Carter,M
65,Ronald Harris,M
66,Jason Roberts,M
67,Benjamin Green,M
68,Gregory Harris,M
69,Raymond Williams,M
70,Justin Robinson,M
71,Brian Torres,M
72,Thomas Torres,M
73,Alexander Moore,M
74,Kenneth Johnson,M
75,Ronald Walker,M
76,Eric Rodriguez,M
77,Robert Garcia,M
78,Larry Thompson,M
79,George Smith,M
80,William Gonzalez,M
81,Alexander Davis,M
82,Frank Wright,M
83,Jacob Williams,M
84,Kenneth Johnson,M
85,Kenneth Sanchez,M
86,Thomas Carter,M
87,Benjamin Moore,M
88,Timothy Nelson,M
89,Charles Hill,M
90,Charles Sanchez,M
91,Joshua Allen,M
92,Michael Hernandez,M
93,Thomas Rodriguez,M
94,Jacob Rivera,M
95,Samuel Rivera,M
96,Dennis Campbell,M
97,Robert Campbell,M
98,Eric Williams,M
99,Stephen Hall,M
100,Jack Hall,M
101,Benjamin Harris,M
102,Daniel Thompson,M
103,Justin Garcia,M
104,David Scott,M
105,Daniel Taylor,M
106,Matthew Taylor,M
107,Kenneth Hall,M
108,Alexander Taylor,M
109,Steven King,M
110,Ryan Martinez,M
111,Dennis Lewis,M
112,Stephen Martinez,M
113,Robert Green,M
114,Justin Lopez,M
115,Samuel Allen,M
116,Robert Carter,M
117,Kenneth Jones,M
118,Matthew Adams,M
119,Ryan Flores,M
120,Donald Robinson,M
121,Eric Hernandez,M
122,Alexander Perez,M
123,Samuel Rodriguez,M
124,Jacob Roberts,M
125,Stephen Brown,M
126,Jonathan Garcia,M
127,Eric Perez,M
128,James Roberts,M
129,David Miller,M
130,Jason Hill,M
131,Brian Torres,M
132,Jeffrey Perez,M
133,Edward Allen,M
134,George Green,M
135,Joseph Rodriguez,M
136,Kenneth Johnson,M
137,Daniel Campbell,M
138,Thomas Johnson,M
139,Kevin Hill,M
140,Matthew Williams,M
141,Timothy Adams,M
142,Michael Hall,M
143,Joshua Harris,M
144,Michael Hill,M
145,Jerry Rivera,M
146,Christopher Thompson,M
147,William Clark,M
148,Michael Lewis,M
149,Brian Hill,M
150,Brandon Carter,M
151,Steven Baker,M
152,Joshua Torres,M
153,Ryan Clark,M
154,Daniel Johnson,M
155,Ryan Taylor,M
156,Matthew Harris,M
157,William Thompson,M
158,Richard Davis,M
159,John Thompson,M
160,John Lopez,M
161,Ronald Flores,M
162,Raymond Adams,M
163,James Lee,M
164,Ryan Scott,M
165,Jack Hall,M
166,Gary Walker,M
167,David Brown,M
168,Jonathan Sanchez,M
169,Steven Johnson,M
170,Samuel King,M
171,Richard Garcia,M
172,Kevin Thompson,M
173,Richard Walker,M
174,Robert Martinez,M
175,Eric Green,M
176,Andrew Williams,M
177,James Harris,M
178,Kevin Hernandez,M
179,Stephen Hall,M
180,Charles Hernandez,M
181,Daniel Roberts,M
182,Christopher Green,M
183,Gregory Thomas,M
184,Brandon Perez,M
185,John Walker,M
186,Benjamin Baker,M
187,Ronald Williams,M
188,Mark Thomas,M
189,Benjamin Jackson,M
190,Kevin Hernandez,M
191,Donald Thompson,M
192,Mark Hernandez,M
193,Timothy Robinson,M
194,George Torres,M
195,Thomas Harris,M
196,Larry Roberts,M
197,James Hernandez,M
198,Justin Smith,M
199,Gregory Harris,M
200,Alexander Lopez,M
201,Charles Johnson,M
202,John Lee,M
203,Nicholas Smith,M
204,Robert Brown,M
205,Jerry Davis,M
206,Larry Flores,M
207,Charles Roberts,M
208,Charles Baker,M
209,Edward Johnson,M
210,Timothy Ramirez,M
211,Larry Baker,M
212,Kevin Rivera,M
213,Donald Rodriguez,M
214,George Allen,M
215,Anthony Wright,M
216,Ronald Jones,M
217,Thomas Clark,M
218,Larry Nelson,M
219,Brian Miller,M
220,Jason Ramirez,M
221,Donald Walker,M
222,Edward Anderson,M
223,Ronald Thomas,M
224,Samuel Walker,M
225,Ronald Nguyen,M
226,William Taylor,M
227,Paul King,M
228,George Wright,M
229,John Hill,M
230,Brandon Roberts,M
231,Jacob Thomas,M
232,Paul Williams,M
233,Brandon Lee,M
234,Ronald Green,M
235,Richard Wright,M
236,Michael Martinez,M
237,Alexander Sanchez,M
238,John Roberts,M
239,Timothy Campbell,M
240,Ronald Ramirez,M
241,Richard Rivera,M
242,Ryan Hill,M
243,Ryan Hernandez,M
244,Christopher Perez,M
245,Jacob Clark,M
246,Christopher Nguyen,M
247,Andrew Carter,M
248,Nicholas Davis,M
249,George Thompson,M
250,Charles Green,M
251,Sarah Roberts,F
252,Brenda Green,F
253,Rebecca Carter,F
254,Barbara Gonzalez,F
255,Donna Lopez,F
256,Frances Nguyen,F
257,Michelle Jackson,F
258,Deborah Green,F
259,Linda Jackson,F
260,Kathleen Ramirez,F
261,Linda Baker,F
262,Shirley Moore,F
263,Deborah Campbell,F
264,Betty Thompson,F
265,Margaret Rodriguez,F
266,Susan Flores,F
267,Sarah Hernandez,F
268,Patricia Ramirez,F
269,Pamela Sanchez,F
270,Melissa Jones,F
271,Carolyn Rivera,F
272,Catherine Baker,F
273,Elizabeth Roberts,F
274,Cynthia Wright,F
275,Frances Scott,F
276,Margaret Hernandez,F
277,Dorothy Wilson,F
278,Lisa Anderson,F
279,Patricia King,F
280,Margaret Young,F
281,Sarah Flores,F
282,Ann Jackson,F
283,Catherine Perez,F
284,Marie Davis,F
285,Shirley Roberts,F
286,Donna Hernandez,F
287,Laura Green,F
288,Anna Perez,F
289,Virginia Hall,F
290,Dorothy Harris,F
291,Ann Mitchell,F
292,Kathleen Martin,F
293,Sandra Harris,F
294,Sarah Harris,F
295,Brenda Allen,F
296,Sharon Clark,F
297,Shirley Miller,F
298,Marie Martinez,F
299,Dorothy Smith,F
300,Martha Hill,F
301,Stephanie Rivera,F
302,Rebecca Miller,F
303,Janet Roberts,F
304,Carolyn Hall,F
305,Betty Hill,F
306,Carolyn Hill,F
307,Anna Davis,F
308,Carol Hall,F
309,Frances Flores,F
310,Lisa Harris,F
311,Jennifer Williams,F
312,Mary Davis,F
313,Kimberly Campbell,F
314,Brenda Lee,F
315,Maria Baker,F
316,Angela White,F
317,Martha Hall,F
318,Donna Nelson,F
319,Amy Roberts,F
320,Helen Hernandez,F
321,Kathleen Scott,F
322,Elizabeth Roberts,F
323,Anna Hernandez,F
324,Patricia Adams,F
325,Lisa King,F
326,Shirley Hill,F
327,Christine Wilson,F
328,Angela Rivera,F
329,Marie Sanchez,F
330,Donna Johnson,F
331,Martha Rodriguez,F
332,Deborah Hernandez,F
333,Angela Torres,F
334,Barbara Harris,F
335,Jennifer Adams,F
336,Martha Sanchez,F
337,Laura Anderson,F
338,Anna Robinson,F
339,Linda Walker,F
340,Amanda Miller,F
341,Carol Allen,F
342,Amy Scott,F
343,Carolyn Sanchez,F
344,Brenda Taylor,F
345,Nancy Anderson,F
346,Virginia White,F
347,Lisa Martin,F
348,Debra Martinez,F
349,Melissa Jones,F
350,Elizabeth Walker,F
351,Jessica Torres,F
352,Shirley Scott,F
353,Jennifer Taylor,F
354,Brenda Anderson,F
355,Susan Jackson,F
356,Dorothy White,F
357,Maria Rodriguez,F
358,Christine Brown,F
359,Christine Rodriguez,F
360,Martha Scott,F
361,Karen Smith,F
362,Linda Sanchez,F
363,Kathleen Hall,F
364,Joyce Hill,F
365,Amy Rivera,F
366,Janet Miller,F
367,Brenda Scott,F
368,Sarah Roberts,F
369,Laura Miller,F
370,Marie Smith,F
371,Sandra Anderson,F
372,Amy Martin,F
373,Carol Anderson,F
374,Mary Young,F
375,Sarah Allen,F
376,Laura Garcia,F
377,Elizabeth Martin,F
378,Pamela Ramirez,F
379,Helen Mitchell,F
380,Kimberly Harris,F
381,Joyce Martinez,F
382,Helen Jackson,F
383,Karen Mitchell,F
384,Diane Walker,F
385,Christine Thompson,F
386,Ruth Harris,F
387,Amanda Rodriguez,F
388,Diane Davis,F
389,Jessica Thompson,F
390,Anna Walker,F
391,Helen Adams,F
392,Catherine White,F
393,Stephanie Thompson,F
394,Cynthia Moore,F
395,Sarah Sanchez,F
396,Diane Roberts,F
397,Catherine Jackson,F
398,Maria Walker,F
399,Ruth Davis,F
400,Angela Martinez,F
401,Sarah Thomas,F
402,Ann Lopez,F
403,Laura Young,F
404,Helen Davis,F
405,Marie Harris,F
406,Deborah Robinson,F
407,Anna Robinson,F
408,Pamela Flores,F
409,Helen Baker,F
410,Jessica Allen,F
411,Sharon Young,F
412,Helen Lee,F
413,Rebecca Baker,F
414,Mary Garcia,F
415,Brenda Lee,F
416,Jessica Anderson,F
417,Cynthia Brown,F
418,Pamela Roberts,F
419,Linda Clark,F
420,Jennifer Taylor,F
421,Karen Campbell,F
422,Michelle Lopez,F
423,Susan Lopez,F
424,Janet White,F
425,Patricia Anderson,F
426,Linda Smith,F
427,Deborah Wright,F
428,Mary Rodriguez,F
429,Susan Hill,F
430,Debra Gonzalez,F
431,Jennifer Mitchell,F
432,Melissa Gonzalez,F
433,Mary King,F
434,Amanda Clark,F
435,Elizabeth Wright,F
436,Nancy Anderson,F
437,Helen Clark,F
438,Deborah Walker,F
439,Mary Ramirez,F
440,Betty Harris,F
441,Joyce Williams,F
442,Amanda Moore,F
443,Patricia Nguyen,F
444,Sarah Rivera,F
445,Kimberly Perez,F
446,Marie Robinson,F
447,Carolyn Rodriguez,F
448,Debra King,F
449,Jennifer Taylor,F
450,Maria Rivera,F
451,Maria Moore,F
452,Patricia Hall,F
453,Dorothy Flores,F
454,Diane Nelson,F
455,Margaret Harris,F
456,Betty Torres,F
457,Christine Lee,F
458,Karen Clark,F
459,Anna Allen,F
460,Susan Scott,F
461,Maria Hall,F
462,Brenda Davis,F
463,Anna Lewis,F
464,Brenda Lopez,F
465,Melissa Scott,F
466,Laura Rodriguez,F
467,Shirley Taylor,F
468,Deborah Garcia,F
469,Pamela Allen,F
470,Laura Anderson,F
471,Melissa Thomas,F
472,Sarah Walker,F
473,Diane Clark,F
474,Patricia Lewis,F
475,Frances Smith,F
476,Kathleen Sanchez,F
477,Joyce Roberts,F
478,Angela Anderson,F
479,Cynthia Thomas,F
480,Donna Walker,F
481,Brenda Martinez,F
482,Helen Lewis,F
483,Ruth White,F
484,Carolyn Young,F
485,Debra Martinez,F
486,Rebecca Baker,F
487,Jennifer Gonzalez,F
488,Sharon King,F
489,Stephanie Baker,F
490,Susan Brown,F
491,Dorothy Perez,F
492,Linda Perez,F
493,Amanda Hernandez,F
494,Diane Robinson,F
495,Deborah Baker,F
496,Karen Clark,F
497,Amy Gonzalez,F
498,Lisa Sanchez,F
499,Barbara Roberts,F
500,Laura Carter,F
