person_id_a,name_a,address_a,person_id_b,name_b,address_b
55,Susan Rivera,"6439 Birch Ct, Chicago, IL, 56549",313,James Thompson,"6503 Sycamore Rd, San Antonio, TX, 88275"
69,William Ramirez,"3438 Washington Dr, New York, NY, 11686",495,Donna Baker,"7484 Main St, San Antonio, TX, 27262"
160,Elizabeth Hernandez,"6905 Birch St, Los Angeles, CA, 31942",375,Emily Scott,"2828 Cedar Blvd, Philadelphia, PA, 41752"
172,Margaret Williams,"8443 Main Ct, San Antonio, TX, 81139",349,George Taylor,"7593 Spruce Rd, Houston, TX, 72109"
42,Robert Martin,"4219 Hill Dr, New York, NY, 65847",258,George Jackson,"6406 Highland Pl, Houston, TX, 79159"
321,Elizabeth King,"5533 Main Blvd, Philadelphia, PA, 82143",487,Kenneth Ramirez,"6340 Spruce Ave, New York, NY, 86372"
305,Mary Davis,"4080 Hill Dr, Chicago, IL, 13004",470,John Thompson,"9718 Main Ave, San Jose, CA, 22437"
65,Thomas Baker,"7044 Pine Ct, Chicago, IL, 74232",372,Lisa Martin,"8458 Washington Rd, San Diego, CA, 37903"
174,Andrew White,"8581 Pine Blvd, San Diego, CA, 86366",297,John Hernandez,"8656 Sycamore St, Dallas, TX, 81438"
165,Sandra Wilson,"8108 Chestnut Pl, Phoenix, AZ, 71508",328,Anthony Moore,"1610 Birch Ct, San Diego, CA, 44832"
151,Karen Flores,"7793 Oak Pl, San Antonio, TX, 88529",155,Joseph Johnson,"6847 Walnut Ave, Chicago, IL, 32719"
206,Robert Thomas,"3435 Park Ct, Los Angeles, CA, 75546",338,Melissa Sanchez,"4186 Birch Dr, San Antonio, TX, 76395"
224,Charles Walker,"5726 Sycamore Dr, San Antonio, TX, 97697",234,Anthony Jones,"8367 Main Rd, Philadelphia, PA, 91603"
4,Susan Campbell,"908 Hill Ln, Houston, TX, 10165",240,Edward Martin,"7357 Washington Blvd, Dallas, TX, 47559"
427,Elizabeth Miller,"3966 Main Ln, San Jose, CA, 62486",495,Donna Baker,"7484 Main St, San Antonio, TX, 27262"
252,Amanda Nguyen,"7575 Walnut Dr, New York, NY, 26492",463,Christopher King,"6109 Sycamore Dr, Houston, TX, 38400"
119,Carol Young,"6200 Main Ct, Dallas, TX, 19442",199,Sarah Moore,"3465 Aspen St, Dallas, TX, 17643"
294,Barbara Young,"1909 Hill Rd, Chicago, IL, 25201",478,Mark Young,"7356 Park Ln, San Antonio, TX, 30250"
420,Edward Nguyen,"490 Center Ln, Philadelphia, PA, 20577",465,Paul Lee,"9604 Main St, New York, NY, 31934"
173,James Gonzalez,"7733 Pine Ct, San Antonio, TX, 50057",188,Carol Lopez,"9881 Sycamore Pl, Philadelphia, PA, 91837"
349,George Taylor,"7593 Spruce Rd, Houston, TX, 72109",432,Paul Young,"1492 Lake St, New York, NY, 29610"
270,Steven Baker,"3387 Maple Ave, Philadelphia, PA, 38633",377,David Hernandez,"990 Highland Pl, San Jose, CA, 86749"
102,Richard Moore,"8317 Chestnut Ct, Los Angeles, CA, 27026",384,David Williams,"3844 Walnut St, San Jose, CA, 77482"
187,Amanda Baker,"196 Sycamore Blvd, New York, NY, 20735",379,Margaret White,"5915 Lake Dr, San Jose, CA, 94749"
13,Emily Adams,"7578 Cedar Pl, Houston, TX, 51868",492,John Wright,"625 Pine Pl, Los Angeles, CA, 43640"
63,Elizabeth Lopez,"1050 Maple Pl, Chicago, IL, 10862",420,Edward Nguyen,"490 Center Ln, Philadelphia, PA, 20577"
382,James Mitchell,"4030 Aspen St, San Diego, CA, 16113",456,Donald Jones,"5085 Maple St, Houston, TX, 53269"
158,Christopher Jackson,"8773 Sycamore Ln, San Diego, CA, 80972",172,Margaret Williams,"8443 Main Ct, San Antonio, TX, 81139"
258,George Jackson,"6406 Highland Pl, Houston, TX, 79159",268,Edward Harris,"6952 Elm Dr, Houston, TX, 56642"
175,Richard Davis,"5915 Washington Rd, Chicago, IL, 82960",261,Amanda Lopez,"8919 Sycamore Ave, Chicago, IL, 47148"
286,Dorothy Johnson,"1451 Aspen Rd, Los Angeles, CA, 33072",348,Richard Clark,"8646 Sunset St, Houston, TX, 46057"
176,Jessica White,"1389 Sunset Ave, San Antonio, TX, 12360",464,William Wright,"3661 Center Ct, New York, NY, 23161"
398,Amanda Scott,"406 Lake Pl, San Jose, CA, 87798",427,Elizabeth Miller,"3966 Main Ln, San Jose, CA, 62486"
139,Dorothy Thomas,"4642 Maple Ln, San Antonio, TX, 48802",414,Margaret Jackson,"7378 Maple Ln, Houston, TX, 29066"
183,Christopher Jones,"840 Pine St, San Jose, CA, 10066",359,Patricia Garcia,"1695 Chestnut St, San Diego, CA, 82900"
78,Sandra Smith,"9050 Maple Rd, Phoenix, AZ, 53422",175,Richard Davis,"5915 Washington Rd, Chicago, IL, 82960"
157,Dorothy Robinson,"888 Chestnut Rd, Chicago, IL, 69510",477,Andrew Taylor,"1197 Oak St, Houston, TX, 72652"
241,John Perez,"3609 Elm St, Houston, TX, 20386",318,Susan Johnson,"4804 Highland Ln, Dallas, TX, 74345"
2,Joseph Nelson,"5611 Birch Rd, San Jose, CA, 63366",45,Deborah Green,"7847 Highland Blvd, San Diego, CA, 79552"
232,Michael Rodriguez,"8054 Pine Dr, Dallas, TX, 11879",498,Ashley Taylor,"2345 Elm Rd, Los Angeles, CA, 49983"
4,Susan Campbell,"908 Hill Ln, Houston, TX, 10165",82,Mary Adams,"6811 Sycamore Ct, San Jose, CA, 85123"
35,Sarah Smith,"1110 Hill Blvd, Houston, TX, 85681",60,William Allen,"645 Chestnut Dr, Chicago, IL, 24500"
134,Linda Walker,"5066 Sunset Ave, Houston, TX, 64800",219,Thomas Lewis,"70 River Ave, Houston, TX, 46390"
185,Mary Campbell,"2435 Washington St, Philadelphia, PA, 16300",404,Joseph Rivera,"9570 Walnut St, New York, NY, 81200"
139,Dorothy Thomas,"4642 Maple Ln, San Antonio, TX, 48802",297,John Hernandez,"8656 Sycamore St, Dallas, TX, 81438"
15,Mary Sanchez,"6442 Aspen Dr, Philadelphia, PA, 44468",240,Edward Martin,"7357 Washington Blvd, Dallas, TX, 47559"
132,John Nguyen,"5648 Hill Ln, Philadelphia, PA, 58253",249,Sarah Green,"5606 Park Ln, San Diego, CA, 41813"
19,Brian Wright,"5933 Highland Ct, San Jose, CA, 29780",390,Donna Moore,"58 Walnut Pl, San Jose, CA, 55878"
186,Daniel Nelson,"3763 River Pl, Chicago, IL, 99925",378,Michelle Clark,"8867 Highland Ct, New York, NY, 29451"
268,Edward Harris,"6952 Elm Dr, Houston, TX, 56642",429,Joseph Hill,"9773 Sycamore Rd, San Jose, CA, 54147"
81,William Jackson,"5208 Cedar Ave, Philadelphia, PA, 10795",194,Deborah Flores,"9396 Hill Pl, San Antonio, TX, 61835"
256,Donna Lewis,"1704 Chestnut St, Phoenix, AZ, 23665",311,Christopher Hall,"6212 Chestnut St, Houston, TX, 85147"
196,Melissa Baker,"5628 Highland St, Dallas, TX, 51973",306,Sarah Taylor,"8079 Aspen Ln, San Antonio, TX, 13645"
387,Patricia Walker,"5189 River Rd, Philadelphia, PA, 61769",413,Ashley Nelson,"2578 Spruce Dr, San Diego, CA, 91359"
253,Joseph Mitchell,"7343 Elm Blvd, Dallas, TX, 55140",422,Betty Green,"4877 Oak Ct, San Diego, CA, 39249"
45,Deborah Green,"7847 Highland Blvd, San Diego, CA, 79552",393,Susan Rodriguez,"6083 Highland Rd, Philadelphia, PA, 32522"
165,Sandra Wilson,"8108 Chestnut Pl, Phoenix, AZ, 71508",309,Elizabeth Anderson,"6462 Pine Ct, Houston, TX, 25423"
248,Melissa Smith,"3636 Center Blvd, Dallas, TX, 39826",334,Amanda Wilson,"8832 Highland Ave, Los Angeles, CA, 64273"
180,Dorothy Miller,"4670 Oak Pl, Phoenix, AZ, 17630",474,Edward Scott,"9834 Park St, San Diego, CA, 23292"
16,Karen Sanchez,"4850 Lake Pl, New York, NY, 23320",442,Michelle Nelson,"6797 Maple Dr, San Diego, CA, 22678"
335,Matthew Davis,"3249 Cedar Rd, San Antonio, TX, 14069",469,Kenneth Torres,"6123 Aspen Ave, Houston, TX, 62582"
158,Christopher Jackson,"8773 Sycamore Ln, San Diego, CA, 80972",306,Sarah Taylor,"8079 Aspen Ln, San Antonio, TX, 13645"
154,Matthew Adams,"5525 Sycamore Blvd, Los Angeles, CA, 10320",165,Sandra Wilson,"8108 Chestnut Pl, Phoenix, AZ, 71508"
24,Jennifer Rodriguez,"9111 Pine Dr, New York, NY, 16144",64,Michelle Lewis,"7700 Maple Rd, Chicago, IL, 81404"
50,Barbara Flores,"9303 Main Ln, San Jose, CA, 87258",202,Emily Ramirez,"3990 Lake Blvd, Phoenix, AZ, 59005"
357,Joseph Lee,"3735 Cedar Ct, Houston, TX, 82194",362,Emily Jackson,"4018 Pine Rd, Chicago, IL, 91987"
257,Anthony Walker,"6904 Spruce Ave, Philadelphia, PA, 86517",424,Carol Wright,"9562 Center Dr, Chicago, IL, 83336"
269,Emily Flores,"626 Oak Ln, Dallas, TX, 19921",487,Kenneth Ramirez,"6340 Spruce Ave, New York, NY, 86372"
198,Lisa King,"1292 River Ct, Dallas, TX, 76733",207,Patricia Nelson,"137 Chestnut Dr, Phoenix, AZ, 79713"
29,Lisa Lee,"2072 Center Ave, San Jose, CA, 28153",435,Susan Campbell,"8274 Washington Blvd, Houston, TX, 47366"
415,Richard Adams,"5942 Sycamore Ct, Dallas, TX, 79378",452,Jessica Williams,"9966 Birch Ct, Phoenix, AZ, 61548"
194,Deborah Flores,"9396 Hill Pl, San Antonio, TX, 61835",493,Deborah Scott,"5336 Hill Rd, San Antonio, TX, 83914"
325,Emily Rivera,"3155 Walnut Dr, San Antonio, TX, 83740",406,James Moore,"2029 Lake Dr, Houston, TX, 35775"
86,George Martin,"5015 Hill Ln, Phoenix, AZ, 17505",133,Kevin Lewis,"6736 Oak Blvd, New York, NY, 15367"
68,John Allen,"2112 Cedar Rd, Dallas, TX, 43545",106,Kevin Sanchez,"7959 Oak Dr, Houston, TX, 78271"
36,Amanda Torres,"8744 Hill Blvd, Philadelphia, PA, 28338",321,Elizabeth King,"5533 Main Blvd, Philadelphia, PA, 82143"
5,Karen Flores,"6623 Aspen Blvd, San Antonio, TX, 92117",77,Mary Harris,"9508 Cedar Ct, San Antonio, TX, 44590"
265,Ashley Clark,"1395 Maple Ln, Houston, TX, 17753",382,James Mitchell,"4030 Aspen St, San Diego, CA, 16113"
270,Steven Baker,"3387 Maple Ave, Philadelphia, PA, 38633",497,Carol Flores,"666 Spruce Ln, San Jose, CA, 95702"
77,Mary Harris,"9508 Cedar Ct, San Antonio, TX, 44590",340,Richard Jackson,"9284 Sunset Ln, Phoenix, AZ, 54297"
348,Richard Clark,"8646 Sunset St, Houston, TX, 46057",416,Michelle Wilson,"3497 Sunset Blvd, Dallas, TX, 82888"
206,Robert Thomas,"3435 Park Ct, Los Angeles, CA, 75546",323,Andrew Clark,"2705 Maple Dr, Phoenix, AZ, 78076"
281,Ashley Jackson,"3351 River Ln, Chicago, IL, 17869",335,Matthew Davis,"3249 Cedar Rd, San Antonio, TX, 14069"
358,David Ramirez,"757 Sunset Pl, Los Angeles, CA, 99589",466,Nancy Walker,"1124 Lake St, Los Angeles, CA, 14085"
293,Kevin Lopez,"1429 Chestnut Ct, Dallas, TX, 64527",309,Elizabeth Anderson,"6462 Pine Ct, Houston, TX, 25423"
113,Donald Sanchez,"6318 Aspen Blvd, San Antonio, TX, 27752",397,Betty Mitchell,"5614 Walnut Ln, Los Angeles, CA, 26402"
9,Daniel King,"2514 Highland Ln, Houston, TX, 91491",169,Elizabeth Sanchez,"8400 Birch St, San Jose, CA, 27869"
108,Brian Adams,"1719 Spruce Ct, Dallas, TX, 95453",291,Linda Wilson,"6012 River Dr, Phoenix, AZ, 75842"
239,Christopher Flores,"8618 Sunset Ct, San Jose, CA, 89393",347,Jennifer Clark,"1141 Park St, Dallas, TX, 24876"
94,Joseph White,"2967 Main Rd, Philadelphia, PA, 88152",374,Charles Scott,"7681 Walnut Pl, New York, NY, 17406"
104,Matthew Miller,"7851 Cedar Dr, San Jose, CA, 89206",168,Margaret Garcia,"5019 Elm Pl, Chicago, IL, 81533"
321,Elizabeth King,"5533 Main Blvd, Philadelphia, PA, 82143",413,Ashley Nelson,"2578 Spruce Dr, San Diego, CA, 91359"
10,Mark Nelson,"1282 Highland Pl, Los Angeles, CA, 44180",160,Elizabeth Hernandez,"6905 Birch St, Los Angeles, CA, 31942"
8,Kevin Martinez,"9178 Sunset Pl, Chicago, IL, 35700",465,Paul Lee,"9604 Main St, New York, NY, 31934"
8,Kevin Martinez,"9178 Sunset Pl, Chicago, IL, 35700",492,John Wright,"625 Pine Pl, Los Angeles, CA, 43640"
190,Christopher Hill,"5678 Chestnut Rd, Phoenix, AZ, 31888",203,Christopher Martinez,"1484 Chestnut Ave, Los Angeles, CA, 25277"
106,Kevin Sanchez,"7959 Oak Dr, Houston, TX, 78271",231,Charles Martin,"1027 Chestnut Ln, San Antonio, TX, 34648"
275,Andrew Perez,"5614 Sycamore Ln, Philadelphia, PA, 13331",445,Karen Taylor,"7217 Walnut Dr, Houston, TX, 80721"
218,Sandra Walker,"8401 Main Rd, Phoenix, AZ, 53173",301,Emily Campbell,"3826 Lake Ave, San Diego, CA, 29871"
152,David Davis,"3173 Highland Blvd, Los Angeles, CA, 82251",365,Andrew Scott,"6793 Cedar Dr, New York, NY, 28156"
24,Jennifer Rodriguez,"9111 Pine Dr, New York, NY, 16144",445,Karen Taylor,"7217 Walnut Dr, Houston, TX, 80721"
98,Sandra Clark,"1706 Elm Pl, Phoenix, AZ, 52616",394,Donald Anderson,"7561 Hill St, San Jose, CA, 14326"
148,Nancy Baker,"9921 Maple Ct, Los Angeles, CA, 70019",233,Steven Lopez,"6474 Spruce Pl, Dallas, TX, 16224"
272,William Green,"7550 Chestnut Pl, Chicago, IL, 77042",376,Nancy Miller,"9022 Washington Ave, Dallas, TX, 14036"
320,Jessica Robinson,"3056 Main St, San Jose, CA, 74603",425,Daniel Campbell,"8647 Sycamore Ave, New York, NY, 40292"
363,Christopher Rivera,"3495 Park Blvd, Dallas, TX, 36475",405,Karen Martinez,"7304 Lake Rd, New York, NY, 36792"
231,Charles Martin,"1027 Chestnut Ln, San Antonio, TX, 34648",496,Thomas Perez,"3612 Highland Ct, San Jose, CA, 83072"
301,Emily Campbell,"3826 Lake Ave, San Diego, CA, 29871",430,Charles Smith,"6796 Lake Ln, Philadelphia, PA, 47486"
203,Christopher Martinez,"1484 Chestnut Ave, Los Angeles, CA, 25277",285,Charles Smith,"4745 Washington Dr, San Antonio, TX, 40612"
372,Lisa Martin,"8458 Washington Rd, San Diego, CA, 37903",481,Patricia Harris,"5211 Aspen Ln, Los Angeles, CA, 66272"
116,Donna Adams,"5397 Birch Dr, San Jose, CA, 77597",155,Joseph Johnson,"6847 Walnut Ave, Chicago, IL, 32719"
72,Carol Martinez,"3354 Sunset Dr, San Diego, CA, 53370",368,John Baker,"7990 Birch Rd, Los Angeles, CA, 10265"
187,Amanda Baker,"196 Sycamore Blvd, New York, NY, 20735",444,Edward Young,"9416 Hill Rd, San Antonio, TX, 67059"
128,Christopher Gonzalez,"5424 Washington Pl, Houston, TX, 51099",129,Linda Jackson,"9736 Sycamore Pl, Chicago, IL, 44404"
199,Sarah Moore,"3465 Aspen St, Dallas, TX, 17643",409,Emily Green,"7208 Maple Rd, San Diego, CA, 38720"
444,Edward Young,"9416 Hill Rd, San Antonio, TX, 67059",496,Thomas Perez,"3612 Highland Ct, San Jose, CA, 83072"
238,David Nelson,"680 Birch Ct, San Antonio, TX, 86546",266,William Rivera,"8383 Oak Dr, Houston, TX, 85487"
77,Mary Harris,"9508 Cedar Ct, San Antonio, TX, 44590",321,Elizabeth King,"5533 Main Blvd, Philadelphia, PA, 82143"
283,Sandra Gonzalez,"3090 Maple Blvd, Phoenix, AZ, 17429",417,George Torres,"9949 Oak Dr, San Jose, CA, 69875"
130,Kevin Brown,"4389 Lake Blvd, Chicago, IL, 42200",193,Charles Williams,"7514 Park Ave, Houston, TX, 41241"
159,Donald Hernandez,"3171 Spruce Blvd, New York, NY, 62458",238,David Nelson,"680 Birch Ct, San Antonio, TX, 86546"
316,Kimberly Smith,"796 Maple Pl, Los Angeles, CA, 45959",432,Paul Young,"1492 Lake St, New York, NY, 29610"
218,Sandra Walker,"8401 Main Rd, Phoenix, AZ, 53173",287,Emily Williams,"9367 Park Blvd, Philadelphia, PA, 72678"
252,Amanda Nguyen,"7575 Walnut Dr, New York, NY, 26492",438,Kenneth Smith,"7248 River Ct, San Antonio, TX, 13002"
147,Carol Lopez,"6137 Elm St, San Jose, CA, 68212",254,Mary Martin,"5425 Washington Rd, New York, NY, 29974"
279,Elizabeth Brown,"5134 Chestnut Blvd, Los Angeles, CA, 61689",410,Michael Nguyen,"6898 Birch Ln, Los Angeles, CA, 72589"
208,Edward Williams,"2538 Elm Blvd, San Antonio, TX, 44694",386,Steven Lewis,"5696 Center Blvd, San Jose, CA, 63719"
10,Mark Nelson,"1282 Highland Pl, Los Angeles, CA, 44180",114,George Perez,"5811 River Dr, Phoenix, AZ, 69234"
112,Carol Adams,"709 Sunset Rd, Phoenix, AZ, 24459",409,Emily Green,"7208 Maple Rd, San Diego, CA, 38720"
269,Emily Flores,"626 Oak Ln, Dallas, TX, 19921",463,Christopher King,"6109 Sycamore Dr, Houston, TX, 38400"
249,Sarah Green,"5606 Park Ln, San Diego, CA, 41813",405,Karen Martinez,"7304 Lake Rd, New York, NY, 36792"
194,Deborah Flores,"9396 Hill Pl, San Antonio, TX, 61835",469,Kenneth Torres,"6123 Aspen Ave, Houston, TX, 62582"
125,Amanda Rivera,"3872 Birch Ln, Phoenix, AZ, 11789",455,Michael Baker,"8265 Park Ct, New York, NY, 40819"
142,Susan Rivera,"8167 Main Ct, New York, NY, 75499",297,John Hernandez,"8656 Sycamore St, Dallas, TX, 81438"
93,Steven Ramirez,"9981 Pine Rd, Chicago, IL, 33342",404,Joseph Rivera,"9570 Walnut St, New York, NY, 81200"
37,Elizabeth Green,"6235 Highland Pl, Los Angeles, CA, 32912",351,Amanda Nelson,"2970 Aspen Ln, Los Angeles, CA, 49961"
151,Karen Flores,"7793 Oak Pl, San Antonio, TX, 88529",345,Joseph Wright,"7389 Park St, San Jose, CA, 52577"
255,Nancy Perez,"3653 River Ct, Dallas, TX, 89119",430,Charles Smith,"6796 Lake Ln, Philadelphia, PA, 47486"
24,Jennifer Rodriguez,"9111 Pine Dr, New York, NY, 16144",170,Elizabeth Sanchez,"7169 Pine Ct, Phoenix, AZ, 25666"
50,Barbara Flores,"9303 Main Ln, San Jose, CA, 87258",317,Emily Clark,"4887 Lake Dr, Chicago, IL, 38338"
341,Daniel Baker,"3783 Center Ct, New York, NY, 11162",371,Michael Nguyen,"7496 Birch Dr, New York, NY, 85571"
181,Joseph Anderson,"6215 Center Ln, San Diego, CA, 88263",391,John Gonzalez,"1000 River Ln, Chicago, IL, 29551"
193,Charles Williams,"7514 Park Ave, Houston, TX, 41241",365,Andrew Scott,"6793 Cedar Dr, New York, NY, 28156"
351,Amanda Nelson,"2970 Aspen Ln, Los Angeles, CA, 49961",421,William Perez,"8586 Maple Ct, San Antonio, TX, 66937"
175,Richard Davis,"5915 Washington Rd, Chicago, IL, 82960",424,Carol Wright,"9562 Center Dr, Chicago, IL, 83336"
410,Michael Nguyen,"6898 Birch Ln, Los Angeles, CA, 72589",479,Thomas Wright,"1119 Maple Ct, San Antonio, TX, 23922"
228,Joseph Miller,"7365 Highland St, Chicago, IL, 27109",350,John Smith,"5419 Center Blvd, San Diego, CA, 84765"
229,George Martin,"7209 Hill Dr, New York, NY, 37941",413,Ashley Nelson,"2578 Spruce Dr, San Diego, CA, 91359"
254,Mary Martin,"5425 Washington Rd, New York, NY, 29974",497,Carol Flores,"666 Spruce Ln, San Jose, CA, 95702"
324,Deborah Thomas,"3379 Center Pl, Dallas, TX, 83504",403,Barbara Perez,"3819 Aspen Dr, Los Angeles, CA, 14632"
131,Mark Young,"5403 Pine Rd, San Antonio, TX, 90265",255,Nancy Perez,"3653 River Ct, Dallas, TX, 89119"
353,Andrew Perez,"5796 River Blvd, Los Angeles, CA, 72387",466,Nancy Walker,"1124 Lake St, Los Angeles, CA, 14085"
211,Elizabeth Jones,"8845 River Pl, Phoenix, AZ, 89803",373,Steven Adams,"7912 Main Blvd, Houston, TX, 75148"
115,Andrew Miller,"5586 Highland St, Phoenix, AZ, 42700",247,Paul Walker,"1311 Chestnut Dr, Phoenix, AZ, 67361"
97,Donald Nguyen,"5429 Spruce Dr, New York, NY, 50035",369,Brian Torres,"1247 Cedar Ave, San Antonio, TX, 25631"
76,Susan Smith,"1054 Sunset Ln, Phoenix, AZ, 43124",166,Emily Wright,"9929 Sunset St, San Diego, CA, 10472"
33,Thomas Davis,"3102 Center Dr, San Antonio, TX, 76419",232,Michael Rodriguez,"8054 Pine Dr, Dallas, TX, 11879"
314,Betty Baker,"3575 Sycamore Dr, Chicago, IL, 42482",492,John Wright,"625 Pine Pl, Los Angeles, CA, 43640"
201,Donald Taylor,"9463 Sunset Ln, New York, NY, 84047",481,Patricia Harris,"5211 Aspen Ln, Los Angeles, CA, 66272"
154,Matthew Adams,"5525 Sycamore Blvd, Los Angeles, CA, 10320",360,William Baker,"6637 Sycamore Rd, Philadelphia, PA, 68782"
134,Linda Walker,"5066 Sunset Ave, Houston, TX, 64800",391,John Gonzalez,"1000 River Ln, Chicago, IL, 29551"
279,Elizabeth Brown,"5134 Chestnut Blvd, Los Angeles, CA, 61689",391,John Gonzalez,"1000 River Ln, Chicago, IL, 29551"
118,Margaret White,"3654 Birch Ln, San Diego, CA, 76503",446,Deborah Scott,"9382 Oak Ln, Chicago, IL, 75689"
104,Matthew Miller,"7851 Cedar Dr, San Jose, CA, 89206",130,Kevin Brown,"4389 Lake Blvd, Chicago, IL, 42200"
410,Michael Nguyen,"6898 Birch Ln, Los Angeles, CA, 72589",465,Paul Lee,"9604 Main St, New York, NY, 31934"
414,Margaret Jackson,"7378 Maple Ln, Houston, TX, 29066",463,Christopher King,"6109 Sycamore Dr, Houston, TX, 38400"
273,Robert Lee,"6031 Highland Ln, San Jose, CA, 66556",487,Kenneth Ramirez,"6340 Spruce Ave, New York, NY, 86372"
158,Christopher Jackson,"8773 Sycamore Ln, San Diego, CA, 80972",348,Richard Clark,"8646 Sunset St, Houston, TX, 46057"
401,Thomas Rodriguez,"8514 Elm Ln, San Antonio, TX, 30885",493,Deborah Scott,"5336 Hill Rd, San Antonio, TX, 83914"
311,Christopher Hall,"6212 Chestnut St, Houston, TX, 85147",361,Robert Mitchell,"4944 Hill St, Phoenix, AZ, 84223"
118,Margaret White,"3654 Birch Ln, San Diego, CA, 76503",284,Brian White,"4662 Hill Blvd, Los Angeles, CA, 32089"
255,Nancy Perez,"3653 River Ct, Dallas, TX, 89119",308,Amanda Young,"7525 Chestnut Ln, Chicago, IL, 56937"
7,Jessica Miller,"7006 Chestnut Dr, San Jose, CA, 49772",206,Robert Thomas,"3435 Park Ct, Los Angeles, CA, 75546"
113,Donald Sanchez,"6318 Aspen Blvd, San Antonio, TX, 27752",471,Joseph Torres,"7096 Center Pl, Los Angeles, CA, 75754"
136,Deborah Hernandez,"2417 Cedar Dr, San Jose, CA, 22221",356,Karen Robinson,"3017 Aspen Rd, Philadelphia, PA, 86687"
1,Nancy Nguyen,"3808 Center Pl, Phoenix, AZ, 39812",158,Christopher Jackson,"8773 Sycamore Ln, San Diego, CA, 80972"
93,Steven Ramirez,"9981 Pine Rd, Chicago, IL, 33342",232,Michael Rodriguez,"8054 Pine Dr, Dallas, TX, 11879"
188,Carol Lopez,"9881 Sycamore Pl, Philadelphia, PA, 91837",250,Margaret Lopez,"599 Lake Blvd, San Diego, CA, 75497"
186,Daniel Nelson,"3763 River Pl, Chicago, IL, 99925",469,Kenneth Torres,"6123 Aspen Ave, Houston, TX, 62582"
207,Patricia Nelson,"137 Chestnut Dr, Phoenix, AZ, 79713",263,Joshua Ramirez,"5125 Washington Dr, San Jose, CA, 44310"
181,Joseph Anderson,"6215 Center Ln, San Diego, CA, 88263",363,Christopher Rivera,"3495 Park Blvd, Dallas, TX, 36475"
18,Kenneth Rivera,"1623 Hill Rd, Chicago, IL, 72316",336,Matthew Jones,"5454 Pine Blvd, San Antonio, TX, 12901"
308,Amanda Young,"7525 Chestnut Ln, Chicago, IL, 56937",413,Ashley Nelson,"2578 Spruce Dr, San Diego, CA, 91359"
140,Anthony Scott,"6079 Park Dr, New York, NY, 43642",191,Elizabeth Harris,"4609 Sycamore Rd, Chicago, IL, 17360"
48,Linda Clark,"3545 Washington Ct, San Antonio, TX, 12947",117,George Green,"9377 Aspen St, San Diego, CA, 89425"
165,Sandra Wilson,"8108 Chestnut Pl, Phoenix, AZ, 71508",382,James Mitchell,"4030 Aspen St, San Diego, CA, 16113"
372,Lisa Martin,"8458 Washington Rd, San Diego, CA, 37903",443,Charles Rivera,"5736 Park Ave, New York, NY, 47429"
159,Donald Hernandez,"3171 Spruce Blvd, New York, NY, 62458",308,Amanda Young,"7525 Chestnut Ln, Chicago, IL, 56937"
76,Susan Smith,"1054 Sunset Ln, Phoenix, AZ, 43124",453,George Hernandez,"5871 Sunset Dr, Phoenix, AZ, 40434"
221,Kenneth Ramirez,"1049 Washington Pl, Philadelphia, PA, 96964",292,Mark Jones,"7085 Lake Dr, San Jose, CA, 99865"
276,Christopher Adams,"1360 Hill Ct, Chicago, IL, 83812",475,Margaret Garcia,"1217 Elm Dr, Houston, TX, 28415"
258,George Jackson,"6406 Highland Pl, Houston, TX, 79159",439,Susan Mitchell,"7329 Elm Ct, Phoenix, AZ, 49872"
39,Christopher Hernandez,"6791 Washington Ln, Chicago, IL, 90596",144,Ashley Clark,"6735 Lake St, Phoenix, AZ, 98915"
8,Kevin Martinez,"9178 Sunset Pl, Chicago, IL, 35700",413,Ashley Nelson,"2578 Spruce Dr, San Diego, CA, 91359"
204,Kevin Brown,"4101 Birch Ln, Los Angeles, CA, 80022",495,Donna Baker,"7484 Main St, San Antonio, TX, 27262"
373,Steven Adams,"7912 Main Blvd, Houston, TX, 75148",416,Michelle Wilson,"3497 Sunset Blvd, Dallas, TX, 82888"
43,Mary Hill,"8187 Birch St, Philadelphia, PA, 83653",132,John Nguyen,"5648 Hill Ln, Philadelphia, PA, 58253"
67,Daniel Perez,"1324 Pine St, New York, NY, 57635",99,Jennifer Harris,"7615 Maple Ln, Dallas, TX, 84768"
252,Amanda Nguyen,"7575 Walnut Dr, New York, NY, 26492",382,James Mitchell,"4030 Aspen St, San Diego, CA, 16113"
212,Sarah Lewis,"2860 River Ct, New York, NY, 48625",346,Mary Nguyen,"9398 Lake Rd, New York, NY, 89240"
38,Kenneth Thomas,"9301 Chestnut Rd, San Jose, CA, 91869",319,Charles Hall,"2804 Spruce Dr, San Jose, CA, 95339"
104,Matthew Miller,"7851 Cedar Dr, San Jose, CA, 89206",493,Deborah Scott,"5336 Hill Rd, San Antonio, TX, 83914"
53,Dorothy Martinez,"1399 Sunset Pl, Phoenix, AZ, 99415",191,Elizabeth Harris,"4609 Sycamore Rd, Chicago, IL, 17360"
450,Thomas Thompson,"3512 Oak Ct, Dallas, TX, 51800",483,Margaret Brown,"2159 Pine Ave, Los Angeles, CA, 97454"
419,Mary Thomas,"6130 Washington Ave, San Jose, CA, 76821",495,Donna Baker,"7484 Main St, San Antonio, TX, 27262"
139,Dorothy Thomas,"4642 Maple Ln, San Antonio, TX, 48802",477,Andrew Taylor,"1197 Oak St, Houston, TX, 72652"
66,Edward Wilson,"5362 Highland Ln, Los Angeles, CA, 30579",264,Donna Nguyen,"521 Sunset Blvd, San Antonio, TX, 45990"
14,Kenneth Rodriguez,"5555 Cedar Ave, San Antonio, TX, 27858",473,Dorothy Martin,"2670 Sycamore Blvd, San Jose, CA, 36739"
71,John Martinez,"4452 Birch Dr, New York, NY, 34956",199,Sarah Moore,"3465 Aspen St, Dallas, TX, 17643"
15,Mary Sanchez,"6442 Aspen Dr, Philadelphia, PA, 44468",447,Mary Nelson,"1440 Main Ct, San Antonio, TX, 55189"
409,Emily Green,"7208 Maple Rd, San Diego, CA, 38720",441,Michelle White,"955 Sunset Ave, San Diego, CA, 66458"
405,Karen Martinez,"7304 Lake Rd, New York, NY, 36792",489,Daniel Johnson,"2310 Park Blvd, Los Angeles, CA, 18533"
83,Michael Campbell,"5430 Lake Ave, Philadelphia, PA, 31289",438,Kenneth Smith,"7248 River Ct, San Antonio, TX, 13002"
98,Sandra Clark,"1706 Elm Pl, Phoenix, AZ, 52616",310,Mary Gonzalez,"899 Walnut Ave, Los Angeles, CA, 95501"
38,Kenneth Thomas,"9301 Chestnut Rd, San Jose, CA, 91869",305,Mary Davis,"4080 Hill Dr, Chicago, IL, 13004"
118,Margaret White,"3654 Birch Ln, San Diego, CA, 76503",148,Nancy Baker,"9921 Maple Ct, Los Angeles, CA, 70019"
29,Lisa Lee,"2072 Center Ave, San Jose, CA, 28153",67,Daniel Perez,"1324 Pine St, New York, NY, 57635"
24,Jennifer Rodriguez,"9111 Pine Dr, New York, NY, 16144",388,Donald Rodriguez,"4525 Center Pl, San Antonio, TX, 57244"
66,Edward Wilson,"5362 Highland Ln, Los Angeles, CA, 30579",214,Carol Walker,"1287 Washington Ave, Phoenix, AZ, 66332"
77,Mary Harris,"9508 Cedar Ct, San Antonio, TX, 44590",125,Amanda Rivera,"3872 Birch Ln, Phoenix, AZ, 11789"
114,George Perez,"5811 River Dr, Phoenix, AZ, 69234",263,Joshua Ramirez,"5125 Washington Dr, San Jose, CA, 44310"
70,Anthony Smith,"5280 Chestnut Blvd, Chicago, IL, 41539",364,Mark Hernandez,"8060 Spruce Pl, Philadelphia, PA, 63134"
439,Susan Mitchell,"7329 Elm Ct, Phoenix, AZ, 49872",496,Thomas Perez,"3612 Highland Ct, San Jose, CA, 83072"
19,Brian Wright,"5933 Highland Ct, San Jose, CA, 29780",300,Paul Martinez,"6432 Pine Dr, Houston, TX, 52065"
78,Sandra Smith,"9050 Maple Rd, Phoenix, AZ, 53422",197,Ashley Garcia,"761 Chestnut Rd, San Jose, CA, 96153"
92,Daniel Wright,"1929 Birch St, San Jose, CA, 71720",141,Lisa Lee,"6683 Main Ln, New York, NY, 26524"
112,Carol Adams,"709 Sunset Rd, Phoenix, AZ, 24459",348,Richard Clark,"8646 Sunset St, Houston, TX, 46057"
391,John Gonzalez,"1000 River Ln, Chicago, IL, 29551",437,Joshua Sanchez,"547 Maple Ave, San Jose, CA, 26232"
199,Sarah Moore,"3465 Aspen St, Dallas, TX, 17643",352,Kenneth Thompson,"7009 Sunset Rd, San Jose, CA, 60750"
212,Sarah Lewis,"2860 River Ct, New York, NY, 48625",471,Joseph Torres,"7096 Center Pl, Los Angeles, CA, 75754"
76,Susan Smith,"1054 Sunset Ln, Phoenix, AZ, 43124",272,William Green,"7550 Chestnut Pl, Chicago, IL, 77042"
74,Linda Clark,"6985 Highland Dr, Los Angeles, CA, 65315",101,Richard Harris,"8422 Birch Ct, New York, NY, 11017"
59,Kevin Martinez,"9153 Aspen Blvd, Phoenix, AZ, 93557",476,Edward Gonzalez,"690 Sunset Ln, Chicago, IL, 27664"
277,Donald Davis,"9162 River Ln, Phoenix, AZ, 19739",280,Michael Jones,"6132 Sycamore Blvd, Los Angeles, CA, 49238"
428,Carol Lewis,"6794 River Dr, San Jose, CA, 98691",449,Donna King,"4023 Spruce Dr, San Diego, CA, 45840"
86,George Martin,"5015 Hill Ln, Phoenix, AZ, 17505",340,Richard Jackson,"9284 Sunset Ln, Phoenix, AZ, 54297"
247,Paul Walker,"1311 Chestnut Dr, Phoenix, AZ, 67361",303,Mark Garcia,"1512 Maple Dr, Dallas, TX, 83817"
186,Daniel Nelson,"3763 River Pl, Chicago, IL, 99925",436,Donald Moore,"6981 Aspen Dr, San Jose, CA, 18560"
187,Amanda Baker,"196 Sycamore Blvd, New York, NY, 20735",261,Amanda Lopez,"8919 Sycamore Ave, Chicago, IL, 47148"
21,Matthew Brown,"908 Maple St, Los Angeles, CA, 24560",476,Edward Gonzalez,"690 Sunset Ln, Chicago, IL, 27664"
56,Dorothy Robinson,"5977 Center Ave, Los Angeles, CA, 31012",406,James Moore,"2029 Lake Dr, Houston, TX, 35775"
180,Dorothy Miller,"4670 Oak Pl, Phoenix, AZ, 17630",222,Kevin Nguyen,"8454 Lake Rd, San Antonio, TX, 42662"
44,Mark Garcia,"915 Main Ln, Philadelphia, PA, 87834",450,Thomas Thompson,"3512 Oak Ct, Dallas, TX, 51800"
461,Carol Sanchez,"8237 Main Ln, Dallas, TX, 63578",482,Ashley Baker,"9083 Pine Blvd, Los Angeles, CA, 25450"
93,Steven Ramirez,"9981 Pine Rd, Chicago, IL, 33342",235,Nancy Allen,"7095 Highland Ct, Houston, TX, 56352"
85,Patricia Lee,"7292 Birch Dr, San Diego, CA, 94924",231,Charles Martin,"1027 Chestnut Ln, San Antonio, TX, 34648"
199,Sarah Moore,"3465 Aspen St, Dallas, TX, 17643",491,Betty Moore,"6670 Cedar St, Phoenix, AZ, 43437"
285,Charles Smith,"4745 Washington Dr, San Antonio, TX, 40612",405,Karen Martinez,"7304 Lake Rd, New York, NY, 36792"
60,William Allen,"645 Chestnut Dr, Chicago, IL, 24500",67,Daniel Perez,"1324 Pine St, New York, NY, 57635"
243,Melissa Hernandez,"8569 Maple Dr, San Antonio, TX, 60021",259,Nancy Harris,"8437 Sycamore St, Phoenix, AZ, 46508"
94,Joseph White,"2967 Main Rd, Philadelphia, PA, 88152",145,John Johnson,"9267 Birch Blvd, Houston, TX, 62469"
101,Richard Harris,"8422 Birch Ct, New York, NY, 11017",440,Deborah Scott,"5856 Aspen Dr, San Diego, CA, 77383"
298,Amanda Jones,"5906 Aspen Ct, San Antonio, TX, 49586",478,Mark Young,"7356 Park Ln, San Antonio, TX, 30250"
140,Anthony Scott,"6079 Park Dr, New York, NY, 43642",279,Elizabeth Brown,"5134 Chestnut Blvd, Los Angeles, CA, 61689"
2,Joseph Nelson,"5611 Birch Rd, San Jose, CA, 63366",345,Joseph Wright,"7389 Park St, San Jose, CA, 52577"
147,Carol Lopez,"6137 Elm St, San Jose, CA, 68212",183,Christopher Jones,"840 Pine St, San Jose, CA, 10066"
375,Emily Scott,"2828 Cedar Blvd, Philadelphia, PA, 41752",465,Paul Lee,"9604 Main St, New York, NY, 31934"
369,Brian Torres,"1247 Cedar Ave, San Antonio, TX, 25631",394,Donald Anderson,"7561 Hill St, San Jose, CA, 14326"
421,William Perez,"8586 Maple Ct, San Antonio, TX, 66937",432,Paul Young,"1492 Lake St, New York, NY, 29610"
237,George Scott,"1246 Birch Blvd, Philadelphia, PA, 28285",342,James Garcia,"8136 Pine Ct, Chicago, IL, 29947"
223,Kenneth Johnson,"4692 Cedar Blvd, Phoenix, AZ, 79204",416,Michelle Wilson,"3497 Sunset Blvd, Dallas, TX, 82888"
371,Michael Nguyen,"7496 Birch Dr, New York, NY, 85571",440,Deborah Scott,"5856 Aspen Dr, San Diego, CA, 77383"
109,Steven Taylor,"839 Hill Pl, San Antonio, TX, 41812",440,Deborah Scott,"5856 Aspen Dr, San Diego, CA, 77383"
205,Anthony Baker,"2719 Center Ln, San Jose, CA, 39146",237,George Scott,"1246 Birch Blvd, Philadelphia, PA, 28285"
152,David Davis,"3173 Highland Blvd, Los Angeles, CA, 82251",383,Ashley King,"3684 Oak Ct, San Antonio, TX, 86027"
246,Kimberly Robinson,"104 Highland St, Houston, TX, 29600",436,Donald Moore,"6981 Aspen Dr, San Jose, CA, 18560"
384,David Williams,"3844 Walnut St, San Jose, CA, 77482",388,Donald Rodriguez,"4525 Center Pl, San Antonio, TX, 57244"
136,Deborah Hernandez,"2417 Cedar Dr, San Jose, CA, 22221",286,Dorothy Johnson,"1451 Aspen Rd, Los Angeles, CA, 33072"
44,Mark Garcia,"915 Main Ln, Philadelphia, PA, 87834",310,Mary Gonzalez,"899 Walnut Ave, Los Angeles, CA, 95501"
236,Christopher Rivera,"2708 River Ave, Dallas, TX, 13764",242,Carol Hernandez,"3435 Sycamore Pl, Los Angeles, CA, 31965"
129,Linda Jackson,"9736 Sycamore Pl, Chicago, IL, 44404",256,Donna Lewis,"1704 Chestnut St, Phoenix, AZ, 23665"
267,Mary Hall,"1493 Cedar Dr, Dallas, TX, 75378",495,Donna Baker,"7484 Main St, San Antonio, TX, 27262"
48,Linda Clark,"3545 Washington Ct, San Antonio, TX, 12947",429,Joseph Hill,"9773 Sycamore Rd, San Jose, CA, 54147"
66,Edward Wilson,"5362 Highland Ln, Los Angeles, CA, 30579",96,Ashley Hill,"3087 Sycamore Ave, Los Angeles, CA, 99210"
23,Sandra Gonzalez,"8426 Spruce Rd, Phoenix, AZ, 91721",363,Christopher Rivera,"3495 Park Blvd, Dallas, TX, 36475"
314,Betty Baker,"3575 Sycamore Dr, Chicago, IL, 42482",408,Betty Green,"7977 Pine Blvd, Philadelphia, PA, 94629"
154,Matthew Adams,"5525 Sycamore Blvd, Los Angeles, CA, 10320",465,Paul Lee,"9604 Main St, New York, NY, 31934"
134,Linda Walker,"5066 Sunset Ave, Houston, TX, 64800",496,Thomas Perez,"3612 Highland Ct, San Jose, CA, 83072"
386,Steven Lewis,"5696 Center Blvd, San Jose, CA, 63719",433,Mary Nelson,"6162 Elm Pl, Houston, TX, 59829"
446,Deborah Scott,"9382 Oak Ln, Chicago, IL, 75689",484,Joshua Rivera,"2984 Hill Dr, Houston, TX, 17770"
61,Mark Baker,"7232 Birch Dr, Los Angeles, CA, 32513",264,Donna Nguyen,"521 Sunset Blvd, San Antonio, TX, 45990"
270,Steven Baker,"3387 Maple Ave, Philadelphia, PA, 38633",496,Thomas Perez,"3612 Highland Ct, San Jose, CA, 83072"
450,Thomas Thompson,"3512 Oak Ct, Dallas, TX, 51800",472,Joshua Young,"188 Pine Pl, New York, NY, 80289"
61,Mark Baker,"7232 Birch Dr, Los Angeles, CA, 32513",93,Steven Ramirez,"9981 Pine Rd, Chicago, IL, 33342"
22,Jennifer Lee,"9592 Center Ave, San Antonio, TX, 19229",412,Amanda Thompson,"6024 River Rd, Chicago, IL, 22564"
318,Susan Johnson,"4804 Highland Ln, Dallas, TX, 74345",429,Joseph Hill,"9773 Sycamore Rd, San Jose, CA, 54147"
72,Carol Martinez,"3354 Sunset Dr, San Diego, CA, 53370",269,Emily Flores,"626 Oak Ln, Dallas, TX, 19921"
278,Joseph Flores,"6013 Park Blvd, Philadelphia, PA, 27168",365,Andrew Scott,"6793 Cedar Dr, New York, NY, 28156"
129,Linda Jackson,"9736 Sycamore Pl, Chicago, IL, 44404",422,Betty Green,"4877 Oak Ct, San Diego, CA, 39249"
319,Charles Hall,"2804 Spruce Dr, San Jose, CA, 95339",482,Ashley Baker,"9083 Pine Blvd, Los Angeles, CA, 25450"
17,Joshua Green,"3782 Main Ln, San Diego, CA, 10642",455,Michael Baker,"8265 Park Ct, New York, NY, 40819"
2,Joseph Nelson,"5611 Birch Rd, San Jose, CA, 63366",326,Elizabeth Thomas,"3857 Spruce St, New York, NY, 43829"
106,Kevin Sanchez,"7959 Oak Dr, Houston, TX, 78271",136,Deborah Hernandez,"2417 Cedar Dr, San Jose, CA, 22221"
195,Deborah Baker,"1888 Sycamore Pl, San Antonio, TX, 79936",223,Kenneth Johnson,"4692 Cedar Blvd, Phoenix, AZ, 79204"
6,Daniel Wilson,"7478 Highland Ave, San Jose, CA, 72602",436,Donald Moore,"6981 Aspen Dr, San Jose, CA, 18560"
206,Robert Thomas,"3435 Park Ct, Los Angeles, CA, 75546",461,Carol Sanchez,"8237 Main Ln, Dallas, TX, 63578"
106,Kevin Sanchez,"7959 Oak Dr, Houston, TX, 78271",383,Ashley King,"3684 Oak Ct, San Antonio, TX, 86027"
67,Daniel Perez,"1324 Pine St, New York, NY, 57635",312,Deborah Wilson,"373 Oak Ct, San Antonio, TX, 70510"
286,Dorothy Johnson,"1451 Aspen Rd, Los Angeles, CA, 33072",350,John Smith,"5419 Center Blvd, San Diego, CA, 84765"
91,Donald Moore,"4174 Spruce St, Houston, TX, 12604",251,Patricia Taylor,"5841 Main Dr, Philadelphia, PA, 79565"
216,Daniel Martinez,"7011 Sycamore Blvd, San Antonio, TX, 68459",282,John Nelson,"4294 Elm Pl, San Antonio, TX, 91652"
185,Mary Campbell,"2435 Washington St, Philadelphia, PA, 16300",285,Charles Smith,"4745 Washington Dr, San Antonio, TX, 40612"
66,Edward Wilson,"5362 Highland Ln, Los Angeles, CA, 30579",203,Christopher Martinez,"1484 Chestnut Ave, Los Angeles, CA, 25277"
209,Daniel Flores,"5438 Walnut Blvd, New York, NY, 53902",261,Amanda Lopez,"8919 Sycamore Ave, Chicago, IL, 47148"
113,Donald Sanchez,"6318 Aspen Blvd, San Antonio, TX, 27752",135,Thomas White,"1822 Aspen Rd, San Diego, CA, 61331"
211,Elizabeth Jones,"8845 River Pl, Phoenix, AZ, 89803",441,Michelle White,"955 Sunset Ave, San Diego, CA, 66458"
200,Nancy Allen,"5825 Highland Blvd, Phoenix, AZ, 15915",450,Thomas Thompson,"3512 Oak Ct, Dallas, TX, 51800"
187,Amanda Baker,"196 Sycamore Blvd, New York, NY, 20735",331,Donald Walker,"5872 Highland St, Los Angeles, CA, 44098"
62,Joseph Rivera,"5717 Center Ln, Phoenix, AZ, 81403",80,Elizabeth Nguyen,"9607 Center Blvd, Dallas, TX, 10470"
404,Joseph Rivera,"9570 Walnut St, New York, NY, 81200",445,Karen Taylor,"7217 Walnut Dr, Houston, TX, 80721"
100,John Miller,"3361 Park Blvd, Chicago, IL, 25241",210,Charles Wright,"9991 Washington Pl, Dallas, TX, 23366"
76,Susan Smith,"1054 Sunset Ln, Phoenix, AZ, 43124",481,Patricia Harris,"5211 Aspen Ln, Los Angeles, CA, 66272"
54,Robert Jones,"195 Walnut Dr, San Antonio, TX, 69775",341,Daniel Baker,"3783 Center Ct, New York, NY, 11162"
51,Ashley Robinson,"9858 Hill Pl, San Jose, CA, 35633",79,Mary Miller,"4905 Main Ave, San Diego, CA, 63374"
197,Ashley Garcia,"761 Chestnut Rd, San Jose, CA, 96153",398,Amanda Scott,"406 Lake Pl, San Jose, CA, 87798"
45,Deborah Green,"7847 Highland Blvd, San Diego, CA, 79552",368,John Baker,"7990 Birch Rd, Los Angeles, CA, 10265"
61,Mark Baker,"7232 Birch Dr, Los Angeles, CA, 32513",83,Michael Campbell,"5430 Lake Ave, Philadelphia, PA, 31289"
117,George Green,"9377 Aspen St, San Diego, CA, 89425",420,Edward Nguyen,"490 Center Ln, Philadelphia, PA, 20577"
331,Donald Walker,"5872 Highland St, Los Angeles, CA, 44098",352,Kenneth Thompson,"7009 Sunset Rd, San Jose, CA, 60750"
81,William Jackson,"5208 Cedar Ave, Philadelphia, PA, 10795",317,Emily Clark,"4887 Lake Dr, Chicago, IL, 38338"
84,Lisa Hernandez,"9056 Hill Blvd, Chicago, IL, 96593",499,Joshua Flores,"7444 Maple Rd, San Jose, CA, 57066"
255,Nancy Perez,"3653 River Ct, Dallas, TX, 89119",488,George Miller,"4722 Aspen Ct, Dallas, TX, 16344"
13,Emily Adams,"7578 Cedar Pl, Houston, TX, 51868",48,Linda Clark,"3545 Washington Ct, San Antonio, TX, 12947"
244,Margaret Jackson,"6377 Elm Pl, San Diego, CA, 81452",478,Mark Young,"7356 Park Ln, San Antonio, TX, 30250"
46,Michelle Brown,"2490 Washington Ln, San Jose, CA, 22840",243,Melissa Hernandez,"8569 Maple Dr, San Antonio, TX, 60021"
200,Nancy Allen,"5825 Highland Blvd, Phoenix, AZ, 15915",310,Mary Gonzalez,"899 Walnut Ave, Los Angeles, CA, 95501"
365,Andrew Scott,"6793 Cedar Dr, New York, NY, 28156",368,John Baker,"7990 Birch Rd, Los Angeles, CA, 10265"
46,Michelle Brown,"2490 Washington Ln, San Jose, CA, 22840",490,Edward Brown,"2007 Lake Ct, New York, NY, 78008"
69,William Ramirez,"3438 Washington Dr, New York, NY, 11686",226,William Rivera,"463 Elm Dr, New York, NY, 70992"
47,Mary Rivera,"2758 Sunset Ct, Houston, TX, 71336",58,Steven Williams,"8326 Park Ct, Houston, TX, 14203"
10,Mark Nelson,"1282 Highland Pl, Los Angeles, CA, 44180",158,Christopher Jackson,"8773 Sycamore Ln, San Diego, CA, 80972"
116,Donna Adams,"5397 Birch Dr, San Jose, CA, 77597",405,Karen Martinez,"7304 Lake Rd, New York, NY, 36792"
36,Amanda Torres,"8744 Hill Blvd, Philadelphia, PA, 28338",305,Mary Davis,"4080 Hill Dr, Chicago, IL, 13004"
282,John Nelson,"4294 Elm Pl, San Antonio, TX, 91652",437,Joshua Sanchez,"547 Maple Ave, San Jose, CA, 26232"
196,Melissa Baker,"5628 Highland St, Dallas, TX, 51973",294,Barbara Young,"1909 Hill Rd, Chicago, IL, 25201"
260,Joshua Taylor,"3071 Center Pl, Houston, TX, 37161",269,Emily Flores,"626 Oak Ln, Dallas, TX, 19921"
283,Sandra Gonzalez,"3090 Maple Blvd, Phoenix, AZ, 17429",420,Edward Nguyen,"490 Center Ln, Philadelphia, PA, 20577"
202,Emily Ramirez,"3990 Lake Blvd, Phoenix, AZ, 59005",346,Mary Nguyen,"9398 Lake Rd, New York, NY, 89240"
421,William Perez,"8586 Maple Ct, San Antonio, TX, 66937",479,Thomas Wright,"1119 Maple Ct, San Antonio, TX, 23922"
64,Michelle Lewis,"7700 Maple Rd, Chicago, IL, 81404",241,John Perez,"3609 Elm St, Houston, TX, 20386"
142,Susan Rivera,"8167 Main Ct, New York, NY, 75499",417,George Torres,"9949 Oak Dr, San Jose, CA, 69875"
102,Richard Moore,"8317 Chestnut Ct, Los Angeles, CA, 27026",106,Kevin Sanchez,"7959 Oak Dr, Houston, TX, 78271"
61,Mark Baker,"7232 Birch Dr, Los Angeles, CA, 32513",352,Kenneth Thompson,"7009 Sunset Rd, San Jose, CA, 60750"
225,Anthony Davis,"6588 Pine Ln, San Antonio, TX, 82664",451,Paul Williams,"2455 Highland Blvd, Philadelphia, PA, 17570"
205,Anthony Baker,"2719 Center Ln, San Jose, CA, 39146",482,Ashley Baker,"9083 Pine Blvd, Los Angeles, CA, 25450"
174,Andrew White,"8581 Pine Blvd, San Diego, CA, 86366",396,Margaret Allen,"7619 Main Blvd, Chicago, IL, 45620"
24,Jennifer Rodriguez,"9111 Pine Dr, New York, NY, 16144",61,Mark Baker,"7232 Birch Dr, Los Angeles, CA, 32513"
56,Dorothy Robinson,"5977 Center Ave, Los Angeles, CA, 31012",93,Steven Ramirez,"9981 Pine Rd, Chicago, IL, 33342"
281,Ashley Jackson,"3351 River Ln, Chicago, IL, 17869",449,Donna King,"4023 Spruce Dr, San Diego, CA, 45840"
37,Elizabeth Green,"6235 Highland Pl, Los Angeles, CA, 32912",107,Melissa Wright,"5989 Birch Ln, Chicago, IL, 77287"
200,Nancy Allen,"5825 Highland Blvd, Phoenix, AZ, 15915",381,William Miller,"7740 Maple St, Houston, TX, 99504"
187,Amanda Baker,"196 Sycamore Blvd, New York, NY, 20735",460,Barbara Lopez,"9414 Cedar Ln, New York, NY, 41161"
239,Christopher Flores,"8618 Sunset Ct, San Jose, CA, 89393",461,Carol Sanchez,"8237 Main Ln, Dallas, TX, 63578"
49,Elizabeth Gonzalez,"110 Main Rd, Los Angeles, CA, 80148",337,Nancy Perez,"2875 Sunset Ct, Philadelphia, PA, 43843"
137,Mark Baker,"7170 Maple Ct, Philadelphia, PA, 13888",459,Sarah Robinson,"1329 Center Ave, Los Angeles, CA, 65840"
127,Carol Williams,"6433 Washington Dr, Los Angeles, CA, 28119",256,Donna Lewis,"1704 Chestnut St, Phoenix, AZ, 23665"
160,Elizabeth Hernandez,"6905 Birch St, Los Angeles, CA, 31942",442,Michelle Nelson,"6797 Maple Dr, San Diego, CA, 22678"
329,Betty Anderson,"6559 Walnut Ave, Chicago, IL, 15058",409,Emily Green,"7208 Maple Rd, San Diego, CA, 38720"
142,Susan Rivera,"8167 Main Ct, New York, NY, 75499",403,Barbara Perez,"3819 Aspen Dr, Los Angeles, CA, 14632"
73,Andrew Davis,"9932 Center Blvd, Dallas, TX, 13949",303,Mark Garcia,"1512 Maple Dr, Dallas, TX, 83817"
239,Christopher Flores,"8618 Sunset Ct, San Jose, CA, 89393",326,Elizabeth Thomas,"3857 Spruce St, New York, NY, 43829"
119,Carol Young,"6200 Main Ct, Dallas, TX, 19442",181,Joseph Anderson,"6215 Center Ln, San Diego, CA, 88263"
100,John Miller,"3361 Park Blvd, Chicago, IL, 25241",177,Andrew Hill,"8558 Pine Rd, Dallas, TX, 12584"
66,Edward Wilson,"5362 Highland Ln, Los Angeles, CA, 30579",273,Robert Lee,"6031 Highland Ln, San Jose, CA, 66556"
385,Sarah Allen,"4989 Sunset Blvd, San Antonio, TX, 74449",398,Amanda Scott,"406 Lake Pl, San Jose, CA, 87798"
266,William Rivera,"8383 Oak Dr, Houston, TX, 85487",456,Donald Jones,"5085 Maple St, Houston, TX, 53269"
204,Kevin Brown,"4101 Birch Ln, Los Angeles, CA, 80022",243,Melissa Hernandez,"8569 Maple Dr, San Antonio, TX, 60021"
42,Robert Martin,"4219 Hill Dr, New York, NY, 65847",199,Sarah Moore,"3465 Aspen St, Dallas, TX, 17643"
56,Dorothy Robinson,"5977 Center Ave, Los Angeles, CA, 31012",335,Matthew Davis,"3249 Cedar Rd, San Antonio, TX, 14069"
425,Daniel Campbell,"8647 Sycamore Ave, New York, NY, 40292",476,Edward Gonzalez,"690 Sunset Ln, Chicago, IL, 27664"
251,Patricia Taylor,"5841 Main Dr, Philadelphia, PA, 79565",449,Donna King,"4023 Spruce Dr, San Diego, CA, 45840"
134,Linda Walker,"5066 Sunset Ave, Houston, TX, 64800",300,Paul Martinez,"6432 Pine Dr, Houston, TX, 52065"
93,Steven Ramirez,"9981 Pine Rd, Chicago, IL, 33342",411,Andrew Nelson,"6055 Highland St, San Antonio, TX, 48770"
111,Donna Jackson,"7579 Sycamore Rd, Phoenix, AZ, 50977",307,Robert Taylor,"951 Birch Pl, San Antonio, TX, 55212"
49,Elizabeth Gonzalez,"110 Main Rd, Los Angeles, CA, 80148",94,Joseph White,"2967 Main Rd, Philadelphia, PA, 88152"
222,Kevin Nguyen,"8454 Lake Rd, San Antonio, TX, 42662",403,Barbara Perez,"3819 Aspen Dr, Los Angeles, CA, 14632"
212,Sarah Lewis,"2860 River Ct, New York, NY, 48625",368,John Baker,"7990 Birch Rd, Los Angeles, CA, 10265"
50,Barbara Flores,"9303 Main Ln, San Jose, CA, 87258",77,Mary Harris,"9508 Cedar Ct, San Antonio, TX, 44590"
471,Joseph Torres,"7096 Center Pl, Los Angeles, CA, 75754",488,George Miller,"4722 Aspen Ct, Dallas, TX, 16344"
39,Christopher Hernandez,"6791 Washington Ln, Chicago, IL, 90596",49,Elizabeth Gonzalez,"110 Main Rd, Los Angeles, CA, 80148"
3,Lisa Hernandez,"435 Hill Ave, San Diego, CA, 99090",212,Sarah Lewis,"2860 River Ct, New York, NY, 48625"
62,Joseph Rivera,"5717 Center Ln, Phoenix, AZ, 81403",298,Amanda Jones,"5906 Aspen Ct, San Antonio, TX, 49586"
30,Robert King,"6729 Spruce Blvd, Chicago, IL, 12751",89,Christopher Allen,"8902 Center Blvd, San Diego, CA, 68369"
236,Christopher Rivera,"2708 River Ave, Dallas, TX, 13764",423,Ashley Clark,"9454 Walnut Ave, Phoenix, AZ, 84480"
23,Sandra Gonzalez,"8426 Spruce Rd, Phoenix, AZ, 91721",50,Barbara Flores,"9303 Main Ln, San Jose, CA, 87258"
188,Carol Lopez,"9881 Sycamore Pl, Philadelphia, PA, 91837",294,Barbara Young,"1909 Hill Rd, Chicago, IL, 25201"
66,Edward Wilson,"5362 Highland Ln, Los Angeles, CA, 30579",268,Edward Harris,"6952 Elm Dr, Houston, TX, 56642"
4,Susan Campbell,"908 Hill Ln, Houston, TX, 10165",64,Michelle Lewis,"7700 Maple Rd, Chicago, IL, 81404"
121,Ashley Hall,"1604 Lake St, San Diego, CA, 95479",240,Edward Martin,"7357 Washington Blvd, Dallas, TX, 47559"
212,Sarah Lewis,"2860 River Ct, New York, NY, 48625",498,Ashley Taylor,"2345 Elm Rd, Los Angeles, CA, 49983"
116,Donna Adams,"5397 Birch Dr, San Jose, CA, 77597",372,Lisa Martin,"8458 Washington Rd, San Diego, CA, 37903"
321,Elizabeth King,"5533 Main Blvd, Philadelphia, PA, 82143",414,Margaret Jackson,"7378 Maple Ln, Houston, TX, 29066"
251,Patricia Taylor,"5841 Main Dr, Philadelphia, PA, 79565",435,Susan Campbell,"8274 Washington Blvd, Houston, TX, 47366"
133,Kevin Lewis,"6736 Oak Blvd, New York, NY, 15367",470,John Thompson,"9718 Main Ave, San Jose, CA, 22437"
294,Barbara Young,"1909 Hill Rd, Chicago, IL, 25201",387,Patricia Walker,"5189 River Rd, Philadelphia, PA, 61769"
290,Karen Clark,"1425 Maple Ave, Dallas, TX, 87901",444,Edward Young,"9416 Hill Rd, San Antonio, TX, 67059"
200,Nancy Allen,"5825 Highland Blvd, Phoenix, AZ, 15915",389,Jennifer Hill,"7320 Birch Blvd, Dallas, TX, 23495"
107,Melissa Wright,"5989 Birch Ln, Chicago, IL, 77287",161,Andrew Scott,"6867 Oak Rd, Phoenix, AZ, 64520"
314,Betty Baker,"3575 Sycamore Dr, Chicago, IL, 42482",481,Patricia Harris,"5211 Aspen Ln, Los Angeles, CA, 66272"
290,Karen Clark,"1425 Maple Ave, Dallas, TX, 87901",291,Linda Wilson,"6012 River Dr, Phoenix, AZ, 75842"
186,Daniel Nelson,"3763 River Pl, Chicago, IL, 99925",490,Edward Brown,"2007 Lake Ct, New York, NY, 78008"
219,Thomas Lewis,"70 River Ave, Houston, TX, 46390",267,Mary Hall,"1493 Cedar Dr, Dallas, TX, 75378"
103,George Torres,"4601 Birch Dr, New York, NY, 74991",312,Deborah Wilson,"373 Oak Ct, San Antonio, TX, 70510"
363,Christopher Rivera,"3495 Park Blvd, Dallas, TX, 36475",388,Donald Rodriguez,"4525 Center Pl, San Antonio, TX, 57244"
349,George Taylor,"7593 Spruce Rd, Houston, TX, 72109",462,Amanda Hall,"2010 Pine St, New York, NY, 49675"
13,Emily Adams,"7578 Cedar Pl, Houston, TX, 51868",284,Brian White,"4662 Hill Blvd, Los Angeles, CA, 32089"
82,Mary Adams,"6811 Sycamore Ct, San Jose, CA, 85123",225,Anthony Davis,"6588 Pine Ln, San Antonio, TX, 82664"
429,Joseph Hill,"9773 Sycamore Rd, San Jose, CA, 54147",436,Donald Moore,"6981 Aspen Dr, San Jose, CA, 18560"
160,Elizabeth Hernandez,"6905 Birch St, Los Angeles, CA, 31942",162,Lisa Allen,"8046 Aspen Ln, Chicago, IL, 45487"
364,Mark Hernandez,"8060 Spruce Pl, Philadelphia, PA, 63134",477,Andrew Taylor,"1197 Oak St, Houston, TX, 72652"
200,Nancy Allen,"5825 Highland Blvd, Phoenix, AZ, 15915",384,David Williams,"3844 Walnut St, San Jose, CA, 77482"
156,John Brown,"3821 Spruce Blvd, Chicago, IL, 76965",448,Emily Gonzalez,"1484 Chestnut Rd, San Diego, CA, 68004"
41,Melissa Green,"1903 Center Ct, Dallas, TX, 24806",229,George Martin,"7209 Hill Dr, New York, NY, 37941"
186,Daniel Nelson,"3763 River Pl, Chicago, IL, 99925",467,Barbara Jackson,"1518 Park Pl, Los Angeles, CA, 81038"
171,Mary Smith,"8454 Main Dr, San Diego, CA, 19769",186,Daniel Nelson,"3763 River Pl, Chicago, IL, 99925"
164,Thomas Lewis,"5928 Elm Rd, Philadelphia, PA, 33184",299,David Gonzalez,"592 Cedar Ave, San Jose, CA, 87344"
291,Linda Wilson,"6012 River Dr, Phoenix, AZ, 75842",349,George Taylor,"7593 Spruce Rd, Houston, TX, 72109"
242,Carol Hernandez,"3435 Sycamore Pl, Los Angeles, CA, 31965",493,Deborah Scott,"5336 Hill Rd, San Antonio, TX, 83914"
33,Thomas Davis,"3102 Center Dr, San Antonio, TX, 76419",81,William Jackson,"5208 Cedar Ave, Philadelphia, PA, 10795"
66,Edward Wilson,"5362 Highland Ln, Los Angeles, CA, 30579",276,Christopher Adams,"1360 Hill Ct, Chicago, IL, 83812"
196,Melissa Baker,"5628 Highland St, Dallas, TX, 51973",233,Steven Lopez,"6474 Spruce Pl, Dallas, TX, 16224"
276,Christopher Adams,"1360 Hill Ct, Chicago, IL, 83812",491,Betty Moore,"6670 Cedar St, Phoenix, AZ, 43437"
145,John Johnson,"9267 Birch Blvd, Houston, TX, 62469",398,Amanda Scott,"406 Lake Pl, San Jose, CA, 87798"
39,Christopher Hernandez,"6791 Washington Ln, Chicago, IL, 90596",389,Jennifer Hill,"7320 Birch Blvd, Dallas, TX, 23495"
23,Sandra Gonzalez,"8426 Spruce Rd, Phoenix, AZ, 91721",152,David Davis,"3173 Highland Blvd, Los Angeles, CA, 82251"
177,Andrew Hill,"8558 Pine Rd, Dallas, TX, 12584",210,Charles Wright,"9991 Washington Pl, Dallas, TX, 23366"
78,Sandra Smith,"9050 Maple Rd, Phoenix, AZ, 53422",353,Andrew Perez,"5796 River Blvd, Los Angeles, CA, 72387"
143,Ashley Wright,"2243 Sycamore Rd, Houston, TX, 40420",473,Dorothy Martin,"2670 Sycamore Blvd, San Jose, CA, 36739"
102,Richard Moore,"8317 Chestnut Ct, Los Angeles, CA, 27026",472,Joshua Young,"188 Pine Pl, New York, NY, 80289"
7,Jessica Miller,"7006 Chestnut Dr, San Jose, CA, 49772",311,Christopher Hall,"6212 Chestnut St, Houston, TX, 85147"
46,Michelle Brown,"2490 Washington Ln, San Jose, CA, 22840",159,Donald Hernandez,"3171 Spruce Blvd, New York, NY, 62458"
370,Karen Sanchez,"1339 Sunset Rd, San Antonio, TX, 95149",399,Patricia Campbell,"9839 Park Dr, San Antonio, TX, 63502"
219,Thomas Lewis,"70 River Ave, Houston, TX, 46390",477,Andrew Taylor,"1197 Oak St, Houston, TX, 72652"
213,Donna Thomas,"4130 Chestnut Ave, San Diego, CA, 81780",443,Charles Rivera,"5736 Park Ave, New York, NY, 47429"
92,Daniel Wright,"1929 Birch St, San Jose, CA, 71720",153,Carol Thomas,"9470 Hill Ave, San Jose, CA, 30650"
112,Carol Adams,"709 Sunset Rd, Phoenix, AZ, 24459",131,Mark Young,"5403 Pine Rd, San Antonio, TX, 90265"
255,Nancy Perez,"3653 River Ct, Dallas, TX, 89119",296,Joseph Williams,"9183 Pine Rd, San Jose, CA, 50018"
205,Anthony Baker,"2719 Center Ln, San Jose, CA, 39146",277,Donald Davis,"9162 River Ln, Phoenix, AZ, 19739"
105,Andrew Hill,"5380 Elm Pl, Los Angeles, CA, 93021",110,Amanda Torres,"8134 Maple St, San Diego, CA, 41091"
159,Donald Hernandez,"3171 Spruce Blvd, New York, NY, 62458",337,Nancy Perez,"2875 Sunset Ct, Philadelphia, PA, 43843"
86,George Martin,"5015 Hill Ln, Phoenix, AZ, 17505",96,Ashley Hill,"3087 Sycamore Ave, Los Angeles, CA, 99210"
112,Carol Adams,"709 Sunset Rd, Phoenix, AZ, 24459",252,Amanda Nguyen,"7575 Walnut Dr, New York, NY, 26492"
135,Thomas White,"1822 Aspen Rd, San Diego, CA, 61331",226,William Rivera,"463 Elm Dr, New York, NY, 70992"
178,Donald Smith,"6560 Cedar Pl, New York, NY, 77428",444,Edward Young,"9416 Hill Rd, San Antonio, TX, 67059"
316,Kimberly Smith,"796 Maple Pl, Los Angeles, CA, 45959",396,Margaret Allen,"7619 Main Blvd, Chicago, IL, 45620"
60,William Allen,"645 Chestnut Dr, Chicago, IL, 24500",61,Mark Baker,"7232 Birch Dr, Los Angeles, CA, 32513"
160,Elizabeth Hernandez,"6905 Birch St, Los Angeles, CA, 31942",237,George Scott,"1246 Birch Blvd, Philadelphia, PA, 28285"
185,Mary Campbell,"2435 Washington St, Philadelphia, PA, 16300",321,Elizabeth King,"5533 Main Blvd, Philadelphia, PA, 82143"
185,Mary Campbell,"2435 Washington St, Philadelphia, PA, 16300",330,Joseph Miller,"9423 Chestnut Ln, Philadelphia, PA, 32106"
285,Charles Smith,"4745 Washington Dr, San Antonio, TX, 40612",417,George Torres,"9949 Oak Dr, San Jose, CA, 69875"
44,Mark Garcia,"915 Main Ln, Philadelphia, PA, 87834",62,Joseph Rivera,"5717 Center Ln, Phoenix, AZ, 81403"
288,Christopher Nguyen,"7839 Aspen St, New York, NY, 47003",450,Thomas Thompson,"3512 Oak Ct, Dallas, TX, 51800"
100,John Miller,"3361 Park Blvd, Chicago, IL, 25241",390,Donna Moore,"58 Walnut Pl, San Jose, CA, 55878"
63,Elizabeth Lopez,"1050 Maple Pl, Chicago, IL, 10862",350,John Smith,"5419 Center Blvd, San Diego, CA, 84765"
178,Donald Smith,"6560 Cedar Pl, New York, NY, 77428",300,Paul Martinez,"6432 Pine Dr, Houston, TX, 52065"
322,Melissa Moore,"1874 Park Ln, Los Angeles, CA, 37731",430,Charles Smith,"6796 Lake Ln, Philadelphia, PA, 47486"
242,Carol Hernandez,"3435 Sycamore Pl, Los Angeles, CA, 31965",321,Elizabeth King,"5533 Main Blvd, Philadelphia, PA, 82143"
1,Nancy Nguyen,"3808 Center Pl, Phoenix, AZ, 39812",267,Mary Hall,"1493 Cedar Dr, Dallas, TX, 75378"
102,Richard Moore,"8317 Chestnut Ct, Los Angeles, CA, 27026",170,Elizabeth Sanchez,"7169 Pine Ct, Phoenix, AZ, 25666"
50,Barbara Flores,"9303 Main Ln, San Jose, CA, 87258",416,Michelle Wilson,"3497 Sunset Blvd, Dallas, TX, 82888"
108,Brian Adams,"1719 Spruce Ct, Dallas, TX, 95453",110,Amanda Torres,"8134 Maple St, San Diego, CA, 41091"
81,William Jackson,"5208 Cedar Ave, Philadelphia, PA, 10795",394,Donald Anderson,"7561 Hill St, San Jose, CA, 14326"
191,Elizabeth Harris,"4609 Sycamore Rd, Chicago, IL, 17360",364,Mark Hernandez,"8060 Spruce Pl, Philadelphia, PA, 63134"
49,Elizabeth Gonzalez,"110 Main Rd, Los Angeles, CA, 80148",271,Sandra Moore,"347 Lake Ln, San Antonio, TX, 70081"
28,Kimberly Davis,"6762 Walnut Pl, Houston, TX, 92330",486,Margaret Martinez,"5585 Hill Ave, Phoenix, AZ, 96867"
175,Richard Davis,"5915 Washington Rd, Chicago, IL, 82960",267,Mary Hall,"1493 Cedar Dr, Dallas, TX, 75378"
338,Melissa Sanchez,"4186 Birch Dr, San Antonio, TX, 76395",410,Michael Nguyen,"6898 Birch Ln, Los Angeles, CA, 72589"
329,Betty Anderson,"6559 Walnut Ave, Chicago, IL, 15058",352,Kenneth Thompson,"7009 Sunset Rd, San Jose, CA, 60750"
96,Ashley Hill,"3087 Sycamore Ave, Los Angeles, CA, 99210",388,Donald Rodriguez,"4525 Center Pl, San Antonio, TX, 57244"
101,Richard Harris,"8422 Birch Ct, New York, NY, 11017",317,Emily Clark,"4887 Lake Dr, Chicago, IL, 38338"
7,Jessica Miller,"7006 Chestnut Dr, San Jose, CA, 49772",310,Mary Gonzalez,"899 Walnut Ave, Los Angeles, CA, 95501"
287,Emily Williams,"9367 Park Blvd, Philadelphia, PA, 72678",364,Mark Hernandez,"8060 Spruce Pl, Philadelphia, PA, 63134"
111,Donna Jackson,"7579 Sycamore Rd, Phoenix, AZ, 50977",367,Nancy King,"7680 Spruce Blvd, Los Angeles, CA, 78771"
42,Robert Martin,"4219 Hill Dr, New York, NY, 65847",115,Andrew Miller,"5586 Highland St, Phoenix, AZ, 42700"
85,Patricia Lee,"7292 Birch Dr, San Diego, CA, 94924",247,Paul Walker,"1311 Chestnut Dr, Phoenix, AZ, 67361"
272,William Green,"7550 Chestnut Pl, Chicago, IL, 77042",339,Deborah Anderson,"448 Walnut Pl, Los Angeles, CA, 44985"
115,Andrew Miller,"5586 Highland St, Phoenix, AZ, 42700",346,Mary Nguyen,"9398 Lake Rd, New York, NY, 89240"
96,Ashley Hill,"3087 Sycamore Ave, Los Angeles, CA, 99210",262,Kenneth Perez,"174 Park Pl, San Diego, CA, 13802"
54,Robert Jones,"195 Walnut Dr, San Antonio, TX, 69775",107,Melissa Wright,"5989 Birch Ln, Chicago, IL, 77287"
8,Kevin Martinez,"9178 Sunset Pl, Chicago, IL, 35700",149,John Ramirez,"1767 Chestnut St, Los Angeles, CA, 54664"
247,Paul Walker,"1311 Chestnut Dr, Phoenix, AZ, 67361",431,Lisa Ramirez,"954 Park Dr, Los Angeles, CA, 71594"
5,Karen Flores,"6623 Aspen Blvd, San Antonio, TX, 92117",223,Kenneth Johnson,"4692 Cedar Blvd, Phoenix, AZ, 79204"
222,Kevin Nguyen,"8454 Lake Rd, San Antonio, TX, 42662",319,Charles Hall,"2804 Spruce Dr, San Jose, CA, 95339"
15,Mary Sanchez,"6442 Aspen Dr, Philadelphia, PA, 44468",17,Joshua Green,"3782 Main Ln, San Diego, CA, 10642"
148,Nancy Baker,"9921 Maple Ct, Los Angeles, CA, 70019",299,David Gonzalez,"592 Cedar Ave, San Jose, CA, 87344"
283,Sandra Gonzalez,"3090 Maple Blvd, Phoenix, AZ, 17429",353,Andrew Perez,"5796 River Blvd, Los Angeles, CA, 72387"
43,Mary Hill,"8187 Birch St, Philadelphia, PA, 83653",353,Andrew Perez,"5796 River Blvd, Los Angeles, CA, 72387"
79,Mary Miller,"4905 Main Ave, San Diego, CA, 63374",303,Mark Garcia,"1512 Maple Dr, Dallas, TX, 83817"
378,Michelle Clark,"8867 Highland Ct, New York, NY, 29451",450,Thomas Thompson,"3512 Oak Ct, Dallas, TX, 51800"
157,Dorothy Robinson,"888 Chestnut Rd, Chicago, IL, 69510",222,Kevin Nguyen,"8454 Lake Rd, San Antonio, TX, 42662"
24,Jennifer Rodriguez,"9111 Pine Dr, New York, NY, 16144",385,Sarah Allen,"4989 Sunset Blvd, San Antonio, TX, 74449"
4,Susan Campbell,"908 Hill Ln, Houston, TX, 10165",236,Christopher Rivera,"2708 River Ave, Dallas, TX, 13764"
106,Kevin Sanchez,"7959 Oak Dr, Houston, TX, 78271",256,Donna Lewis,"1704 Chestnut St, Phoenix, AZ, 23665"
200,Nancy Allen,"5825 Highland Blvd, Phoenix, AZ, 15915",467,Barbara Jackson,"1518 Park Pl, Los Angeles, CA, 81038"
117,George Green,"9377 Aspen St, San Diego, CA, 89425",460,Barbara Lopez,"9414 Cedar Ln, New York, NY, 41161"
59,Kevin Martinez,"9153 Aspen Blvd, Phoenix, AZ, 93557",208,Edward Williams,"2538 Elm Blvd, San Antonio, TX, 44694"
110,Amanda Torres,"8134 Maple St, San Diego, CA, 41091",393,Susan Rodriguez,"6083 Highland Rd, Philadelphia, PA, 32522"
173,James Gonzalez,"7733 Pine Ct, San Antonio, TX, 50057",202,Emily Ramirez,"3990 Lake Blvd, Phoenix, AZ, 59005"
244,Margaret Jackson,"6377 Elm Pl, San Diego, CA, 81452",253,Joseph Mitchell,"7343 Elm Blvd, Dallas, TX, 55140"
18,Kenneth Rivera,"1623 Hill Rd, Chicago, IL, 72316",426,Nancy Lopez,"2768 River Blvd, San Diego, CA, 59955"
