id,name,address,phone
1,Charles Davis,"8549 Pine Ln, New York",441649
2,Barbara Martin,"3449 Pine Pl, San Antonio",119855
3,John Moore,"2481 Hill Ct, Philadelphia",593148
4,Michael Lopez,"9250 Apple Blvd, Phoenix",942751
5,Joseph Williams,"6467 Cedar Ave, Los Angeles",853910
6,Joseph Miller,"2738 Apple Ct, Chicago",582278
7,Richard Williams,"7198 Elm Rd, Philadelphia",512470
8,David Thomas,"1342 Elm Pl, Chicago",708493
9,Sarah Miller,"1059 Lake Rd, San Antonio",438776
10,Karen Thomas,"3770 Cedar Ln, San Diego",703054
11,William Gonzalez,"6445 Elm Rd, Houston",404742
12,Susan Lopez,"2206 Orange Ln, San Antonio",810403
13,Karen Gonzalez,"1386 Pine Blvd, New York",246605
14,Joseph Thomas,"1738 Elm Blvd, New York",295304
15,Karen Rodriguez,"689 Hill Dr, San Diego",166255
16,James Martinez,"3739 Cedar Ct, Los Angeles",929880
17,Susan Jackson,"3002 Pine Ct, Phoenix",587630
18,Jessica Rodriguez,"1810 Maple Ct, New York",395188
19,Michael Johnson,"1450 Oak Ln, San Antonio",528836
20,Jessica Wilson,"797 Hill Dr, New York",699106
21,Joseph Wilson,"4230 Orange St, San Diego",574808
22,Jennifer Rodriguez,"7965 Cedar Rd, Chicago",788425
23,James Jones,"5132 Pine Ave, Philadelphia",758315
24,Thomas Thomas,"1023 Elm Ct, San Antonio",141581
25,Mary Miller,"332 Apple Pl, Philadelphia",210584
26,Richard Jackson,"4112 Oak Dr, New York",721102
27,Joseph Miller,"2853 Elm Ave, Houston",827007
28,Patricia Miller,"6329 Orange Pl, Philadelphia",687415
29,Thomas Taylor,"2972 Apple Rd, San Diego",515618
30,James Brown,"473 Cedar Ave, New York",648708
31,Thomas Wilson,"4798 Hill Ln, Houston",817746
32,James Jones,"8725 Oak Dr, San Antonio",925768
33,Sarah Rodriguez,"5476 Cherry Rd, Chicago",743535
34,Barbara Smith,"2323 Hill Ave, Chicago",879027
35,Richard Miller,"639 Hill Ave, San Antonio",768847
36,David Lopez,"8331 Orange Rd, Houston",536925
37,William Lopez,"2431 Pine Rd, Houston",656590
38,Robert Martin,"9710 Hill Ct, San Diego",866231
39,James Jackson,"9606 Lake Pl, Houston",271043
40,Michael Davis,"4904 Maple Ct, New York",461896
41,Sarah Gonzalez,"2920 Maple Ct, Philadelphia",965421
42,Thomas Hernandez,"3654 Cedar Blvd, San Antonio",309064
43,Patricia Gonzalez,"3784 Oak Ln, Chicago",988371
44,Sarah Taylor,"9067 Oak Pl, Phoenix",833898
45,Thomas Martin,"1960 Elm St, Philadelphia",675367
46,Karen Rodriguez,"5333 Pine Ct, Houston",946117
47,Jessica Smith,"2006 Cherry Blvd, Chicago",914929
48,Jessica Jones,"5870 Oak Ln, Houston",123606
49,Thomas Smith,"7087 Cherry Pl, San Diego",272720
50,Michael Miller,"6682 Apple Pl, Los Angeles",439609
51,Jennifer Smith,"8688 Cedar Rd, Chicago",371975
52,Sarah Jones,"758 Oak Ct, San Diego",664033
53,Patricia Martinez,"113 Cedar Rd, New York",779680
54,Joseph Gonzalez,"7933 Pine St, Los Angeles",366576
55,James Brown,"9333 Cedar St, Phoenix",186137
56,Barbara Jackson,"9605 Oak Pl, Phoenix",216406
57,Michael Hernandez,"2056 Hill Ave, Houston",394539
58,Mary Anderson,"3918 Maple Blvd, San Antonio",567036
59,Charles Brown,"6496 Orange St, San Antonio",272193
60,Susan Moore,"7902 Oak Ct, San Diego",264136
61,Jessica Miller,"1749 Pine Ave, New York",547715
62,James Jackson,"3455 Orange Dr, San Diego",708931
63,Charles Jackson,"5795 Oak Dr, New York",936158
64,Sarah Taylor,"7406 Lake Ln, Philadelphia",326518
65,John Hernandez,"9683 Pine Blvd, San Antonio",573387
66,Linda Taylor,"7411 Hill St, San Antonio",427204
67,Patricia Jackson,"8498 Hill Ave, Chicago",667553
68,Michael Miller,"5898 Orange Ave, San Diego",950600
69,Thomas Lopez,"5014 Cedar St, Phoenix",596198
70,Karen Jones,"3033 Elm Rd, San Diego",154957
71,John Brown,"7319 Hill Pl, Phoenix",830033
72,Patricia Garcia,"6488 Cherry Pl, Philadelphia",333702
73,Elizabeth Moore,"7268 Apple Ct, Philadelphia",516775
74,Richard Thomas,"85 Hill St, Phoenix",575488
75,Sarah Smith,"5168 Oak Dr, Los Angeles",904470
76,Linda Johnson,"5627 Oak Ct, San Diego",506117
77,William Miller,"3864 Pine Pl, New York",757758
78,Jessica Rodriguez,"825 Maple St, Phoenix",152703
79,William Brown,"3299 Oak Ln, San Antonio",721473
80,Elizabeth Jones,"4887 Cherry Dr, Houston",685645
81,Sarah Miller,"2164 Cherry Ave, Philadelphia",119240
82,William Garcia,"5870 Lake Pl, San Diego",824668
83,David Jackson,"7352 Lake Ct, San Antonio",135249
84,Charles Davis,"3914 Lake St, Houston",544878
85,Thomas Lopez,"2694 Cherry Ct, Houston",914242
86,William Williams,"9058 Cedar Dr, New York",706684
87,David Lopez,"1061 Pine Ave, San Antonio",431527
88,Linda Miller,"6274 Cherry Pl, Houston",294775
89,Patricia Rodriguez,"5133 Hill St, Chicago",716647
90,John Wilson,"4547 Apple Dr, Philadelphia",572068
91,John Johnson,"3136 Apple Ave, Los Angeles",593498
92,David Brown,"7390 Cedar Blvd, Los Angeles",740886
93,Jennifer Gonzalez,"407 Elm St, Philadelphia",445497
94,Barbara Moore,"283 Cedar Blvd, Houston",529793
95,Patricia Martinez,"1063 Pine Ln, Philadelphia",689104
96,Jessica Martin,"2110 Pine Rd, Phoenix",857222
97,Susan Garcia,"2904 Cedar Dr, Houston",600420
98,James Miller,"8039 Elm Blvd, New York",235395
99,Richard Martinez,"2791 Hill Ln, Los Angeles",793421
100,Karen Martin,"6569 Oak Ln, San Antonio",639230
101,Sarah Jones,"8716 Orange Rd, Chicago",223307
102,Robert Lopez,"1857 Cedar Ct, Los Angeles",589433
103,Linda Jones,"5647 Cedar St, San Antonio",689540
104,Jennifer Gonzalez,"2398 Elm Pl, San Antonio",758573
105,Richard Moore,"5166 Maple Ct, Houston",634588
106,Mary Jones,"3 Lake Pl, San Antonio",693562
107,Jennifer Brown,"2006 Cedar Rd, Phoenix",143901
108,John Miller,"3868 Apple St, Philadelphia",640623
109,Jessica Garcia,"3488 Pine Rd, Philadelphia",596659
110,William Lopez,"8848 Cherry Rd, San Antonio",869457
111,Charles Jones,"5374 Apple Rd, Houston",981663
112,Sarah Taylor,"1769 Maple Rd, San Antonio",981809
113,James Moore,"5392 Orange Blvd, Phoenix",531161
114,Linda Miller,"5138 Maple Dr, Los Angeles",475564
115,Thomas Rodriguez,"1267 Maple St, New York",336488
116,Thomas Garcia,"6873 Pine Blvd, San Antonio",268990
117,William Williams,"8073 Apple Pl, Philadelphia",853824
118,Elizabeth Williams,"4857 Cherry St, Chicago",645212
119,Robert Johnson,"5148 Cherry St, Phoenix",276960
120,Mary Miller,"6405 Orange Ct, New York",445355
121,Sarah Davis,"8405 Oak Blvd, Philadelphia",846257
122,Robert Martin,"9721 Oak Rd, Philadelphia",315594
123,Charles Brown,"5283 Pine St, Philadelphia",263492
124,Michael Jones,"1786 Orange Ct, San Diego",794245
125,Sarah Moore,"3262 Cherry Ave, New York",623179
126,Sarah Martin,"6560 Oak St, Houston",445827
127,James Wilson,"6856 Cedar Ave, Los Angeles",152714
128,Elizabeth Taylor,"59 Pine Ct, New York",555219
129,Mary Jones,"8314 Pine Blvd, Philadelphia",706126
130,Jennifer Thomas,"1681 Maple Rd, Chicago",431129
131,Joseph Lopez,"9439 Pine Dr, San Diego",432875
132,Jennifer Brown,"5193 Pine Dr, Houston",522900
133,David Jackson,"8916 Cherry Rd, Los Angeles",259809
134,Jessica Martinez,"9700 Orange Dr, San Antonio",490901
135,Sarah Lopez,"7489 Apple St, San Antonio",816413
136,James Williams,"2101 Pine Rd, Phoenix",987946
137,Susan Davis,"6410 Orange Ave, New York",309324
138,Sarah Davis,"6532 Lake St, Chicago",347269
139,Linda Jackson,"3148 Apple Pl, Philadelphia",464929
140,Jessica Johnson,"1744 Cherry Pl, San Antonio",664558
141,Linda Brown,"3714 Hill Pl, San Antonio",836507
142,Charles Williams,"9987 Oak Ave, San Diego",711344
143,Michael Taylor,"5247 Pine Ln, Philadelphia",211690
144,Barbara Taylor,"8400 Oak Blvd, Los Angeles",880003
145,Thomas Gonzalez,"9248 Maple Pl, New York",433406
146,Jennifer Moore,"4502 Apple Rd, New York",378724
147,Linda Brown,"6910 Orange Ct, San Diego",774138
148,Robert Anderson,"7450 Cedar Ln, New York",540614
149,Jennifer Hernandez,"9591 Maple Dr, Los Angeles",354745
150,Linda Jackson,"5577 Apple Rd, New York",403464
151,Elizabeth Jackson,"1427 Oak Ln, Houston",653736
152,Charles Anderson,"6701 Orange Ct, Chicago",183953
153,Robert Martinez,"9965 Pine Blvd, Phoenix",630936
154,Linda Rodriguez,"6062 Elm Pl, Houston",808533
155,Charles Martin,"8802 Oak Rd, New York",417534
156,Sarah Johnson,"1966 Elm Rd, San Diego",330020
157,Jessica Davis,"5400 Pine Dr, Philadelphia",634336
158,James Anderson,"7524 Cherry Ln, New York",188913
159,Robert Miller,"3875 Pine Ave, Philadelphia",111836
160,James Davis,"3564 Apple Ct, San Diego",306591
161,Patricia Martin,"9295 Oak St, Philadelphia",872963
162,Robert Smith,"8532 Apple St, Phoenix",288929
163,Elizabeth Smith,"8398 Maple Blvd, Houston",803506
164,Jessica Jones,"740 Pine Rd, San Diego",100202
165,Michael Lopez,"9767 Orange Ct, New York",177001
166,James Moore,"5405 Hill Ln, New York",695285
167,Jessica Brown,"2282 Maple Ln, Los Angeles",308035
168,John Martinez,"1585 Cedar Dr, New York",952260
169,Karen Taylor,"8655 Elm St, Philadelphia",513419
170,Thomas Williams,"3719 Orange Ln, New York",716773
171,William Rodriguez,"9915 Hill Dr, San Antonio",977819
172,Barbara Thomas,"7950 Maple Dr, New York",977945
173,John Lopez,"1047 Elm Dr, San Antonio",997788
174,William Rodriguez,"3908 Cherry Blvd, Los Angeles",977498
175,Mary Gonzalez,"7849 Cedar St, Chicago",428928
176,Mary Miller,"8668 Maple Dr, San Antonio",593467
177,Patricia Gonzalez,"8166 Maple Dr, Houston",323094
178,Michael Gonzalez,"9998 Lake Pl, Chicago",582800
179,John Brown,"4209 Cherry Pl, Phoenix",722631
180,Susan Thomas,"8326 Hill Pl, Chicago",833006
181,Patricia Johnson,"4008 Orange Dr, Philadelphia",301460
182,James Davis,"3400 Hill Rd, San Diego",305063
183,Linda Garcia,"3292 Cherry Ln, San Antonio",244296
184,David Davis,"4737 Maple Ln, New York",549396
185,Robert Lopez,"8608 Cherry Dr, Phoenix",513739
186,Patricia Williams,"2089 Apple Ave, San Diego",933516
187,Jennifer Gonzalez,"7176 Oak Ct, Los Angeles",430038
188,Richard Wilson,"8297 Cherry Ln, San Antonio",908808
189,Mary Martin,"7423 Lake Ct, Phoenix",420516
190,Barbara Williams,"352 Hill Blvd, Phoenix",435047
191,John Johnson,"7040 Elm Blvd, San Antonio",251009
192,Joseph Lopez,"7357 Lake Ave, Philadelphia",832617
193,Joseph Lopez,"2893 Lake Pl, Phoenix",712896
194,Jessica Davis,"2419 Elm Ln, Phoenix",484038
195,Jennifer Smith,"3760 Pine St, Chicago",822588
196,James Davis,"324 Oak Ln, New York",497940
197,Mary Hernandez,"5679 Pine Ln, San Antonio",841492
198,John Rodriguez,"1304 Hill Ave, San Diego",727027
199,Susan Hernandez,"8645 Oak Ln, San Antonio",799230
200,Charles Davis,"1308 Pine Pl, Philadelphia",885135
201,Linda Moore,"6623 Pine Pl, San Antonio",389933
202,Patricia Smith,"8997 Orange Ave, New York",714277
203,Richard Williams,"3942 Oak Ave, Chicago",368231
204,Susan Johnson,"8984 Lake Ct, Phoenix",237676
205,Michael Brown,"918 Oak Ln, Los Angeles",217929
206,Karen Martinez,"5696 Pine Ln, New York",156541
207,Jessica Davis,"6318 Cedar Blvd, Phoenix",724323
208,Susan Lopez,"2441 Cedar St, Houston",460217
209,Linda Miller,"4451 Elm Ln, Houston",281000
210,Patricia Wilson,"2145 Oak Ln, Philadelphia",412831
211,David Davis,"2954 Lake Ave, San Antonio",724805
212,Linda Thomas,"1082 Maple Ct, San Antonio",230712
213,John Rodriguez,"20 Elm Blvd, Los Angeles",141883
214,James Hernandez,"6418 Lake Ln, Phoenix",876358
215,Michael Wilson,"6803 Hill Ct, Phoenix",428384
216,Barbara Brown,"422 Cedar Rd, San Diego",537350
217,Linda Anderson,"2307 Lake Ct, Houston",440309
218,Elizabeth Anderson,"7221 Maple Rd, San Diego",360573
219,Mary Martinez,"1495 Orange Dr, Phoenix",158879
220,David Martinez,"5584 Pine Rd, New York",828663
221,Jennifer Hernandez,"9099 Cherry Dr, Phoenix",553072
222,Patricia Garcia,"8283 Cherry Ct, New York",772136
223,Karen Thomas,"5629 Cedar Ct, Los Angeles",877104
224,Richard Rodriguez,"8631 Orange Dr, Chicago",379053
225,Thomas Brown,"7583 Cherry Blvd, Chicago",423443
226,Sarah Garcia,"9401 Cherry Ct, Houston",536951
227,Michael Smith,"4730 Oak Ave, Philadelphia",963318
228,Elizabeth Anderson,"2734 Elm St, Los Angeles",224561
229,Jennifer Brown,"7285 Elm Ave, San Diego",114721
230,Linda Smith,"2140 Cherry Ave, Los Angeles",561218
231,Michael Johnson,"5570 Lake Rd, Houston",850012
232,Mary Jones,"8001 Apple Rd, San Antonio",632675
233,Jennifer Johnson,"1849 Apple Pl, San Antonio",111528
234,Thomas Brown,"5758 Elm Ave, Chicago",638462
235,Linda Martinez,"5474 Elm Blvd, Los Angeles",363201
236,Charles Rodriguez,"3655 Pine St, San Antonio",988792
237,Mary Anderson,"6033 Hill St, San Antonio",671409
238,Jennifer Thomas,"8754 Lake St, Philadelphia",687360
239,Jessica Martinez,"336 Lake Ct, Houston",862785
240,Thomas Garcia,"4687 Maple Ave, Los Angeles",974945
241,Michael Anderson,"1955 Apple Pl, Chicago",516734
242,Karen Davis,"6359 Elm Dr, Houston",296516
243,Thomas Martin,"2637 Apple Ct, San Diego",106194
244,Joseph Jones,"1374 Cherry Pl, New York",534463
245,Elizabeth Wilson,"7205 Orange Rd, Phoenix",291779
246,Michael Martinez,"8868 Cherry Ln, San Diego",964297
247,Elizabeth Moore,"9591 Oak Ln, Phoenix",788226
248,Joseph Taylor,"5392 Cherry Ct, San Diego",447185
249,Patricia Anderson,"276 Oak Rd, Los Angeles",667898
250,Mary Garcia,"4055 Hill Dr, San Antonio",905823
251,Thomas Thomas,"5730 Cedar Blvd, Chicago",715374
252,Charles Davis,"5927 Hill St, New York",853736
253,John Johnson,"5323 Oak Pl, Los Angeles",681024
254,Linda Gonzalez,"1124 Oak Ln, San Antonio",217938
255,Sarah Brown,"9809 Orange Ct, Phoenix",117623
256,Charles Wilson,"7541 Pine Pl, Houston",448262
257,Joseph Garcia,"7612 Elm Dr, New York",903357
258,Karen Thomas,"8349 Cherry Pl, Chicago",375048
259,David Jackson,"1027 Hill Dr, Philadelphia",917070
260,William Williams,"6520 Cedar St, Philadelphia",331263
261,Richard Brown,"4005 Hill Ct, Chicago",244424
262,Susan Taylor,"3751 Lake Ave, Houston",281282
263,Sarah Gonzalez,"2532 Oak St, Chicago",209294
264,Susan Garcia,"7803 Cherry Ln, Chicago",752237
265,Richard Davis,"7154 Cedar Ct, Philadelphia",698913
266,Richard Wilson,"8638 Cedar Ave, Philadelphia",885700
267,Robert Williams,"8922 Elm Ct, New York",425600
268,Karen Anderson,"7916 Orange St, Houston",763038
269,Jennifer Taylor,"9799 Cedar Pl, San Diego",141802
270,Joseph Rodriguez,"4184 Lake Ct, Houston",862561
271,Mary Hernandez,"9235 Oak Pl, Philadelphia",610026
272,Joseph Miller,"8546 Pine Pl, San Diego",692181
273,Richard Brown,"3909 Orange Ave, Los Angeles",749347
274,Karen Williams,"8773 Maple Blvd, San Antonio",702716
275,William Taylor,"7086 Elm Blvd, San Diego",735676
276,Patricia Hernandez,"7595 Lake Ct, San Antonio",690085
277,Robert Anderson,"2439 Oak Ct, New York",594008
278,Susan Lopez,"130 Orange Dr, Chicago",785225
279,John Miller,"6644 Lake Ave, New York",484141
280,Thomas Garcia,"9104 Cedar Pl, Philadelphia",730527
281,Sarah Jones,"6764 Pine St, San Antonio",302802
282,William Hernandez,"3228 Cherry Dr, San Antonio",360868
283,John Rodriguez,"9683 Cedar Ln, Houston",322932
284,Jessica Wilson,"2172 Elm St, Chicago",526870
285,John Martin,"84 Elm Ct, Houston",361360
286,Elizabeth Thomas,"7438 Elm Rd, New York",617033
287,David Jones,"1172 Maple Ln, San Antonio",537542
288,Patricia Rodriguez,"5397 Cedar Ln, New York",244991
289,James Davis,"7554 Lake Blvd, New York",741420
290,Robert Miller,"1992 Orange Pl, Chicago",974408
291,Karen Williams,"6951 Cedar Dr, Chicago",479026
292,Jennifer Smith,"9005 Lake Rd, Chicago",780761
293,David Davis,"6280 Maple Pl, Chicago",830068
294,Joseph Wilson,"4944 Orange Ct, Los Angeles",872465
295,Patricia Wilson,"5935 Maple Ln, Chicago",356786
296,Elizabeth Rodriguez,"2120 Oak Ln, San Diego",888888
297,Susan Thomas,"7459 Pine St, San Antonio",778826
298,Charles Jones,"1460 Pine Rd, New York",447438
299,Elizabeth Williams,"4350 Pine Rd, San Diego",386254
300,Barbara Lopez,"1778 Orange Rd, Philadelphia",599780
301,Michael Rodriguez,"6258 Hill Rd, Houston",639270
302,Charles Thomas,"3090 Oak Ct, San Antonio",659047
303,Barbara Rodriguez,"8328 Apple Blvd, New York",193389
304,John Brown,"4952 Cedar Pl, San Antonio",762197
305,Elizabeth Davis,"8191 Pine Dr, New York",983134
306,Thomas Anderson,"7261 Orange Ct, Chicago",389984
307,Elizabeth Wilson,"5999 Orange Blvd, Houston",761537
308,Richard Anderson,"6505 Cedar Blvd, San Diego",727082
309,Sarah Williams,"9410 Pine Pl, San Diego",233614
310,Sarah Hernandez,"9442 Elm Ct, New York",709346
311,Sarah Anderson,"2118 Apple Ln, Philadelphia",139340
312,Jessica Jackson,"815 Cherry Blvd, New York",296141
313,Richard Davis,"9410 Orange Ct, Philadelphia",840507
314,Sarah Rodriguez,"7041 Hill Dr, Los Angeles",184332
315,Richard Moore,"7586 Cedar Ave, Chicago",987488
316,Patricia Gonzalez,"7452 Pine Ave, Chicago",977737
317,Karen Taylor,"5666 Orange Blvd, San Diego",214569
318,Richard Martinez,"9724 Lake Blvd, Chicago",546747
319,Jessica Johnson,"3578 Lake Ln, Philadelphia",466798
320,Michael Garcia,"5222 Apple St, Chicago",874152
321,William Jackson,"3697 Apple Rd, Chicago",799795
322,David Anderson,"1779 Cedar Dr, Houston",462584
323,Sarah Hernandez,"6220 Lake Dr, Phoenix",334166
324,David Smith,"2432 Apple Dr, San Diego",851715
325,Mary Brown,"8638 Pine Ave, Philadelphia",397686
326,Joseph Jones,"7301 Elm Rd, Philadelphia",720008
327,Karen Jackson,"2629 Apple Blvd, Houston",974419
328,Jennifer Gonzalez,"1155 Pine Ln, Los Angeles",130136
329,David Miller,"705 Apple St, Los Angeles",452811
330,Michael Jackson,"4501 Maple St, San Antonio",907355
331,Elizabeth Thomas,"8260 Pine Rd, San Diego",279186
332,Karen Lopez,"1228 Oak Rd, San Antonio",117175
333,Patricia Anderson,"8103 Maple Ave, Phoenix",792299
334,Robert Gonzalez,"7245 Oak Rd, New York",970300
335,Robert Miller,"4326 Oak Ct, San Diego",403304
336,Robert Jackson,"8384 Orange Rd, Chicago",310258
337,Elizabeth Thomas,"1104 Lake Ct, San Antonio",282252
338,Elizabeth Hernandez,"7739 Oak Ct, Phoenix",580941
339,Jessica Hernandez,"5289 Elm Blvd, Chicago",640537
340,Jennifer Davis,"8710 Pine Ct, Los Angeles",899527
341,Charles Taylor,"5543 Lake Pl, Philadelphia",314618
342,Karen Davis,"5713 Orange Rd, Chicago",113115
343,William Hernandez,"7785 Pine Rd, San Antonio",157881
344,Jennifer Davis,"8865 Maple Ln, Los Angeles",527661
345,Michael Anderson,"1077 Apple St, Chicago",829088
346,Susan Garcia,"6177 Apple Dr, Houston",146775
347,Joseph Martin,"5918 Oak Rd, New York",473822
348,Thomas Jones,"538 Apple Ct, Houston",725532
349,Michael Thomas,"6708 Maple Blvd, New York",671491
350,Barbara Davis,"6899 Apple Ct, Houston",551768
351,Joseph Gonzalez,"6662 Hill Ct, San Antonio",920736
352,John Johnson,"1721 Apple Dr, Philadelphia",236850
353,Patricia Jones,"9963 Apple Ct, New York",373115
354,Jessica Brown,"2472 Apple Ave, San Diego",817985
355,Linda Brown,"7293 Oak Ln, Los Angeles",451471
356,Mary Martinez,"5662 Apple Ave, Philadelphia",489041
357,Karen Smith,"5132 Oak Blvd, Los Angeles",707877
358,Barbara Miller,"6603 Lake Dr, Houston",863217
359,Richard Anderson,"1819 Apple St, Philadelphia",480994
360,Jennifer Martinez,"684 Cedar St, San Antonio",592680
361,Michael Thomas,"6585 Elm Ave, Los Angeles",644004
362,Jennifer Moore,"8779 Cedar Dr, Los Angeles",417239
363,Charles Rodriguez,"6588 Maple Ln, Philadelphia",108307
364,Linda Davis,"9312 Cherry Blvd, Chicago",843197
365,Robert Johnson,"3062 Cedar Pl, Chicago",924492
366,Patricia Anderson,"7044 Orange Ln, San Antonio",441138
367,James Johnson,"1284 Cherry St, San Antonio",422387
368,Barbara Lopez,"9994 Oak Pl, San Diego",800617
369,Jennifer Jones,"7329 Lake Dr, Los Angeles",121482
370,Jessica Hernandez,"15 Pine Ct, Los Angeles",690558
371,Thomas Jones,"4823 Cherry Dr, Houston",545066
372,Mary Miller,"9956 Orange Blvd, New York",422345
373,Robert Lopez,"2419 Orange St, New York",231173
374,Barbara Martinez,"2645 Cedar Dr, Phoenix",585452
375,Sarah Wilson,"5471 Apple Pl, Philadelphia",965195
376,Sarah Martinez,"1728 Pine Ave, Los Angeles",927374
377,Sarah Garcia,"1265 Hill Dr, Phoenix",538834
378,Mary Miller,"2644 Cedar Ave, Los Angeles",688881
379,Patricia Hernandez,"3159 Cherry Ln, Chicago",657751
380,Joseph Jackson,"361 Lake Dr, Los Angeles",354264
381,William Hernandez,"9568 Elm Pl, Philadelphia",506606
382,Elizabeth Martinez,"4225 Hill Ct, San Diego",607913
383,Patricia Miller,"4227 Maple Blvd, Los Angeles",708437
384,William Jackson,"9084 Maple Ct, San Diego",127751
385,Richard Williams,"8842 Cedar Rd, San Antonio",427507
386,William Davis,"1425 Apple Ct, Phoenix",586074
387,Jessica Hernandez,"8617 Pine St, Houston",967882
388,Joseph Martinez,"5069 Lake Ct, New York",136816
389,Thomas Gonzalez,"7888 Lake Dr, San Diego",720465
390,Susan Smith,"9570 Apple St, Houston",230819
391,Jennifer Jackson,"3071 Pine Blvd, Phoenix",908007
392,James Thomas,"93 Hill Blvd, San Antonio",696069
393,Karen Moore,"661 Lake Ct, Philadelphia",400102
394,Elizabeth Anderson,"5194 Orange Ln, Los Angeles",202762
395,William Jones,"7869 Maple Ave, Los Angeles",899695
396,Linda Moore,"3395 Cherry Pl, San Antonio",541714
397,Linda Rodriguez,"1261 Apple St, Phoenix",827377
398,Linda Lopez,"8676 Orange St, Philadelphia",175122
399,Jennifer Jones,"8753 Lake Ct, New York",229562
400,Jennifer Martinez,"636 Pine Ln, Phoenix",609905
401,James Anderson,"3655 Pine Pl, Houston",345046
402,Linda Martin,"7857 Hill Ln, Los Angeles",658247
403,Sarah Gonzalez,"8447 Maple Dr, Los Angeles",220420
404,William Garcia,"237 Apple Ct, New York",112451
405,Robert Martinez,"4634 Lake Rd, Chicago",343142
406,James Gonzalez,"1868 Cedar Ave, San Antonio",200593
407,Patricia Moore,"4992 Oak Ct, San Diego",309534
408,Karen Gonzalez,"8000 Lake Ave, Philadelphia",570321
409,James Wilson,"1577 Orange Blvd, Philadelphia",620006
410,Charles Lopez,"7004 Oak Ct, Chicago",594525
411,Karen Jones,"5749 Elm Ln, Houston",288047
412,Elizabeth Garcia,"3178 Elm Ln, Chicago",387720
413,Linda Johnson,"4649 Elm Dr, New York",266343
414,David Miller,"6214 Cherry Ave, New York",489249
415,Jessica Brown,"4029 Hill Ave, Chicago",382858
416,Charles Miller,"4971 Apple Ave, San Diego",736027
417,Joseph Smith,"7848 Maple Ct, Houston",460574
418,Sarah Martin,"5134 Elm Dr, San Antonio",320988
419,Elizabeth Jackson,"7829 Pine Rd, Houston",178167
420,Thomas Martin,"1492 Cherry Pl, Houston",863720
421,Karen Gonzalez,"4129 Pine Rd, San Diego",136362
422,Joseph Jones,"7169 Maple St, Phoenix",351251
423,Thomas Wilson,"7793 Cedar Pl, San Diego",507883
424,Joseph Lopez,"8440 Maple Rd, Los Angeles",553718
425,Robert Thomas,"9676 Elm St, Houston",578344
426,Charles Taylor,"2422 Orange St, San Diego",205578
427,Susan Gonzalez,"4836 Cherry Pl, Los Angeles",668217
428,Joseph Jones,"3748 Lake Rd, Los Angeles",201812
429,Michael Williams,"1914 Pine Ct, Los Angeles",904312
430,Mary Johnson,"9770 Apple Ln, San Antonio",851052
431,Karen Thomas,"3688 Pine Blvd, Phoenix",690258
432,David Williams,"2937 Elm St, San Antonio",565644
433,Richard Johnson,"927 Elm Ave, Philadelphia",943931
434,John Martin,"234 Cherry Ct, Chicago",599075
435,David Davis,"3509 Cedar Pl, Philadelphia",662793
436,James Hernandez,"4700 Lake Ave, Los Angeles",826970
437,James Williams,"5064 Cherry Ct, Chicago",991045
438,Susan Hernandez,"2035 Oak Pl, Phoenix",506285
439,Joseph Hernandez,"8149 Pine Dr, Chicago",540730
440,Linda Jackson,"4911 Apple Ct, Houston",691350
441,Thomas Thomas,"4752 Cherry Ave, Philadelphia",437181
442,Karen Davis,"1213 Cherry Ln, New York",215008
443,David Martinez,"3840 Hill St, San Antonio",615592
444,Susan Lopez,"9543 Oak Blvd, Philadelphia",239828
445,Richard Thomas,"8005 Cedar Ct, Phoenix",484912
446,Thomas Rodriguez,"2436 Hill Blvd, Phoenix",668324
447,Linda Davis,"2276 Elm Ct, Philadelphia",877635
448,Joseph Smith,"5404 Oak Pl, Phoenix",149915
449,William Miller,"214 Cedar Ln, Houston",856711
450,Robert Williams,"3327 Lake St, San Diego",781046
451,Joseph Brown,"3100 Orange Blvd, Philadelphia",922520
452,Charles Wilson,"4983 Oak Rd, Phoenix",971386
453,Karen Smith,"5297 Hill Blvd, San Diego",110135
454,William Taylor,"5775 Apple Blvd, San Antonio",778552
455,Susan Martinez,"7707 Orange St, Phoenix",418371
456,Jennifer Rodriguez,"9957 Lake Dr, San Antonio",470020
457,Jessica Brown,"6714 Elm Dr, San Antonio",693547
458,Michael Gonzalez,"184 Lake Ave, Houston",424022
459,Karen Gonzalez,"686 Elm Ln, San Diego",277938
460,Patricia Miller,"8474 Lake Blvd, San Antonio",891455
461,Karen Johnson,"6636 Lake Blvd, San Antonio",725080
462,Sarah Taylor,"1011 Cedar Ave, Houston",447885
463,Karen Garcia,"5101 Hill Rd, Phoenix",511172
464,Elizabeth Brown,"6146 Cherry Rd, New York",667305
465,Charles Gonzalez,"5510 Cherry Blvd, Los Angeles",113465
466,Barbara Rodriguez,"6894 Oak Pl, San Antonio",451129
467,James Gonzalez,"9456 Oak Blvd, San Diego",108779
468,Elizabeth Johnson,"1768 Maple Rd, New York",707148
469,Patricia Jackson,"4673 Apple St, Philadelphia",147439
470,Elizabeth Jackson,"4008 Oak St, Houston",656140
471,David Smith,"3019 Orange Blvd, San Diego",777284
472,John Rodriguez,"8683 Maple Pl, Houston",224714
473,Sarah Moore,"4620 Cedar Rd, Philadelphia",892455
474,James Anderson,"5749 Hill Blvd, San Diego",492893
475,William Rodriguez,"8504 Apple Ct, San Antonio",730552
476,David Johnson,"8358 Orange Dr, San Antonio",595626
477,Sarah Jones,"8502 Apple Ln, Philadelphia",222895
478,Charles Rodriguez,"9506 Pine Dr, San Antonio",523043
479,Mary Davis,"5988 Cherry Rd, Chicago",296204
480,Thomas Wilson,"4117 Orange Rd, Houston",334069
481,Mary Wilson,"876 Oak Ln, San Diego",700049
482,Karen Jackson,"4439 Maple Ln, Phoenix",867713
483,Sarah Thomas,"2226 Hill Ave, Houston",146109
484,Susan Smith,"6123 Elm Ct, Chicago",107610
485,Robert Rodriguez,"4851 Lake Ave, Los Angeles",685106
486,Linda Garcia,"5684 Oak Rd, Los Angeles",731489
487,Robert Williams,"56 Pine Rd, Phoenix",603633
488,Charles Garcia,"6985 Orange Ave, Phoenix",265127
489,Thomas Rodriguez,"9924 Cedar Blvd, San Antonio",334474
490,Jessica Davis,"9241 Orange Pl, Los Angeles",527475
491,Jessica Jones,"5656 Lake Pl, San Antonio",869905
492,Richard Williams,"4536 Maple Ct, Los Angeles",575585
493,Barbara Martinez,"4779 Cedar Ln, Philadelphia",482802
494,Barbara Martinez,"8074 Cedar Ct, Chicago",401977
495,Charles Williams,"8044 Cedar Pl, Chicago",271061
496,James Wilson,"4833 Orange Ln, Los Angeles",447125
497,Patricia Miller,"3908 Lake Ln, Chicago",569183
498,Thomas Gonzalez,"104 Oak Ln, Chicago",236725
499,Patricia Martin,"1428 Cedar Pl, Houston",949849
500,Patricia Rodriguez,"1330 Pine Blvd, Houston",891291
