pid,email
3,nicholas-ryan.3@univ-example.edu
5,melissa-wright.5@univ-example.edu
7,victoria-mccarthy.7@lab.example.org
8,marissa-martinez.8@researchers.net
9,michael-norman.9@researchers.net
12,brittany-wilcox.12@lab.example.org
15,timothy-neal.15@univ-example.edu
18,ebony-wheeler.18@lab.example.org
19,richard-myers.19@cs-example.edu
20,mark-sharp.20@researchers.net
21,maria-guzman.21@univ-example.edu
22,faith-carter.22@lab.example.org
26,tina-roberson.26@univ-example.edu
27,anna-williams.27@cs-example.edu
28,frank-woods.28@researchers.net
32,steven-knox.32@lab.example.org
38,kristen-davis.38@univ-example.edu
39,isaac-ryan.39@researchers.net
40,david-flynn.40@researchers.net
42,michael-mcconnell.42@univ-example.edu
43,dustin-keller.43@researchers.net
46,melissa-anthony.46@researchers.net
49,morgan-kelley.49@lab.example.org
51,stephanie-clark.51@researchers.net
54,cheryl-maldonado.54@lab.example.org
56,joanna-mitchell.56@researchers.net
60,kathryn-castaneda.60@cs-example.edu
61,jason-shields.61@cs-example.edu
63,amanda-stevens.63@lab.example.org
67,david-owens.67@lab.example.org
68,adrian-elliott.68@cs-example.edu
69,kimberly-riley.69@researchers.net
70,joseph-dixon.70@lab.example.org
73,lisa-henry.73@univ-example.edu
75,lindsey-hawkins.75@researchers.net
76,john-shannon.76@researchers.net
77,jennifer-lewis.77@cs-example.edu
78,hector-knight.78@lab.example.org
86,jared-brown.86@researchers.net
87,alisha-williams.87@lab.example.org
89,randy-herrera.89@lab.example.org
90,richard-harvey.90@lab.example.org
91,rebecca-wilson.91@cs-example.edu
93,kenneth-johnson.93@lab.example.org
94,scott-rivera.94@cs-example.edu
95,terry-mullins.95@univ-example.edu
96,jerry-patterson.96@researchers.net
97,emily-wright.97@researchers.net
98,randall-wheeler.98@univ-example.edu
100,frank-fisher.100@cs-example.edu
101,ryan-pruitt-phd.101@researchers.net
104,anna-wagner.104@cs-example.edu
105,paul-jones.105@cs-example.edu
106,carrie-barnes.106@cs-example.edu
107,patrick-mueller.107@univ-example.edu
114,craig-robinson.114@univ-example.edu
119,ronald-burns.119@cs-example.edu
121,jessica-goodwin.121@lab.example.org
125,spencer-miller.125@univ-example.edu
128,lindsay-barton.128@lab.example.org
130,alan-poole.130@lab.example.org
131,gregory-keith.131@cs-example.edu
132,stephanie-hicks.132@lab.example.org
133,justin-kennedy.133@lab.example.org
134,james-jimenez.134@lab.example.org
140,jennifer-lam.140@cs-example.edu
142,angela-stevens.142@cs-example.edu
144,john-cobb.144@univ-example.edu
145,william-levy.145@univ-example.edu
146,danielle-porter.146@lab.example.org
147,thomas-smith.147@cs-example.edu
148,juan-ortiz.148@cs-example.edu
150,carla-davis.150@lab.example.org
152,ruth-myers.152@univ-example.edu
154,brandon-harris.154@cs-example.edu
155,adam-murillo.155@univ-example.edu
156,cody-wright.156@lab.example.org
157,gregory-stevenson.157@cs-example.edu
159,ashley-olson.159@lab.example.org
161,courtney-ford.161@researchers.net
163,victoria-hogan.163@lab.example.org
164,kristine-neal.164@lab.example.org
165,rachel-hernandez.165@lab.example.org
168,ryan-rodriguez.168@cs-example.edu
169,justin-lee.169@lab.example.org
171,april-burgess.171@lab.example.org
172,greg-black.172@researchers.net
176,stacey-lee.176@cs-example.edu
178,jessica-vaughn.178@researchers.net
179,brett-holt.179@lab.example.org
180,carrie-peterson.180@cs-example.edu
181,crystal-moore.181@researchers.net
183,mr-william-mcdowell.183@lab.example.org
185,kyle-parker.185@univ-example.edu
188,cassidy-sanchez.188@researchers.net
189,monique-mccullough-dvm.189@cs-example.edu
191,stephanie-stuart.191@researchers.net
193,matthew-tyler.193@researchers.net
197,jared-everett.197@researchers.net
199,kelly-guerrero.199@univ-example.edu
200,christopher-riley.200@cs-example.edu
201,stuart-hall.201@cs-example.edu
202,sharon-reid.202@cs-example.edu
204,laurie-tran.204@lab.example.org
207,melissa-forbes-dds.207@cs-example.edu
208,cindy-washington.208@cs-example.edu
209,jordan-rush.209@univ-example.edu
210,jennifer-jones.210@lab.example.org
211,daniel-davidson.211@lab.example.org
212,reginald-hernandez.212@researchers.net
213,ms-kayla-williams.213@lab.example.org
214,cindy-ruiz.214@lab.example.org
216,angela-thomas.216@univ-example.edu
218,nathaniel-fowler.218@cs-example.edu
219,thomas-humphrey.219@lab.example.org
221,samuel-hayes.221@lab.example.org
222,tracie-salazar.222@univ-example.edu
224,melvin-klein-phd.224@lab.example.org
227,emma-hunt.227@lab.example.org
228,debra-brown.228@univ-example.edu
229,mike-garza.229@researchers.net
231,donna-mitchell.231@researchers.net
234,renee-gardner.234@lab.example.org
238,mr-malik-may.238@lab.example.org
239,melissa-wagner.239@cs-example.edu
241,austin-pierce.241@lab.example.org
242,thomas-snyder.242@cs-example.edu
243,deborah-henry.243@researchers.net
245,richard-cole.245@lab.example.org
246,larry-moon.246@lab.example.org
247,john-chavez.247@univ-example.edu
248,gary-thomas.248@lab.example.org
250,kevin-davis.250@researchers.net
252,christopher-myers.252@lab.example.org
254,ashley-bell.254@cs-example.edu
255,isaiah-davis.255@lab.example.org
258,nancy-green.258@cs-example.edu
262,ronald-ortega.262@univ-example.edu
263,thomas-wright.263@lab.example.org
264,mary-summers.264@univ-example.edu
267,jeffrey-stevens.267@univ-example.edu
268,jason-marshall.268@lab.example.org
270,kendra-wood.270@cs-example.edu
278,alison-jones.278@lab.example.org
279,craig-ware.279@cs-example.edu
281,denise-nelson.281@univ-example.edu
285,gregory-anderson.285@researchers.net
287,kathryn-martinez.287@lab.example.org
289,jessica-hopkins.289@researchers.net
290,timothy-golden.290@cs-example.edu
292,matthew-mejia.292@lab.example.org
293,alexa-wilson.293@researchers.net
294,william-bolton.294@researchers.net
297,lori-everett.297@lab.example.org
298,jessica-johnson.298@researchers.net
301,steven-bush.301@lab.example.org
304,jennifer-hill.304@researchers.net
305,rachel-mckinney.305@univ-example.edu
308,brooke-chapman.308@lab.example.org
314,john-goodman.314@univ-example.edu
315,tyler-williams.315@univ-example.edu
316,kelly-west.316@researchers.net
318,jessica-hayes.318@cs-example.edu
319,michael-chase.319@univ-example.edu
321,brianna-schultz.321@univ-example.edu
323,bianca-garcia.323@univ-example.edu
324,kelly-hill.324@cs-example.edu
325,john-summers.325@cs-example.edu
327,kevin-myers.327@univ-example.edu
334,kimberly-coleman.334@cs-example.edu
335,christopher-brandt.335@cs-example.edu
337,kevin-taylor.337@cs-example.edu
340,jason-alvarado.340@lab.example.org
341,debbie-horne.341@univ-example.edu
342,kristen-clark.342@cs-example.edu
346,danielle-black.346@lab.example.org
349,jennifer-carr.349@researchers.net
352,deanna-carey.352@researchers.net
354,crystal-miller.354@cs-example.edu
359,nicole-wood.359@univ-example.edu
362,michael-kim.362@cs-example.edu
363,ryan-wilkins.363@researchers.net
365,daniel-scott.365@univ-example.edu
369,jennifer-smith.369@univ-example.edu
370,jonathan-burnett.370@researchers.net
371,summer-washington.371@lab.example.org
372,stephanie-warren.372@lab.example.org
375,bryan-henderson.375@cs-example.edu
379,beth-fisher.379@univ-example.edu
384,tony-peterson.384@cs-example.edu
385,benjamin-gordon.385@univ-example.edu
386,alicia-torres.386@researchers.net
388,terri-evans.388@univ-example.edu
390,ryan-alexander.390@univ-example.edu
392,melissa-scott.392@researchers.net
393,erica-rose.393@lab.example.org
394,timothy-booker.394@researchers.net
395,curtis-fischer.395@univ-example.edu
397,jennifer-jones.397@researchers.net
398,kim-morales.398@univ-example.edu
399,patrick-martin.399@lab.example.org
402,faith-cooper.402@lab.example.org
403,tonya-day.403@univ-example.edu
404,felicia-tucker.404@lab.example.org
407,gilbert-sanchez.407@researchers.net
408,sean-mitchell.408@lab.example.org
409,donna-crawford.409@cs-example.edu
411,lauren-harris.411@lab.example.org
416,ms-stephanie-phillips.416@cs-example.edu
417,nicholas-hall.417@researchers.net
419,roberto-gibson.419@lab.example.org
420,gabriella-edwards.420@lab.example.org
421,brittany-brown.421@lab.example.org
423,daniel-washington.423@researchers.net
426,johnny-miranda.426@researchers.net
427,patrick-lee.427@cs-example.edu
429,mark-perez.429@univ-example.edu
433,geoffrey-smith.433@researchers.net
435,john-caldwell.435@lab.example.org
436,meagan-shaw.436@cs-example.edu
438,kimberly-baldwin.438@lab.example.org
440,shaun-santiago.440@lab.example.org
443,kelsey-wallace.443@researchers.net
444,samuel-walker.444@univ-example.edu
447,brittany-lewis.447@lab.example.org
449,kathryn-dalton.449@researchers.net
450,edward-lawrence.450@cs-example.edu
451,sabrina-roberts.451@lab.example.org
453,shawn-morrison.453@cs-example.edu
454,kenneth-trevino.454@researchers.net
458,daniel-cardenas.458@researchers.net
461,susan-mcdowell.461@researchers.net
463,casey-guzman.463@researchers.net
466,gary-mccullough.466@researchers.net
467,alexandra-edwards.467@univ-example.edu
469,dr-kathryn-campos.469@cs-example.edu
470,alexander-higgins.470@univ-example.edu
472,keith-dickerson.472@cs-example.edu
473,allison-nixon.473@lab.example.org
476,kimberly-snyder.476@lab.example.org
477,bradley-willis.477@cs-example.edu
478,sarah-hudson.478@lab.example.org
480,natalie-howard.480@lab.example.org
482,edward-myers-phd.482@lab.example.org
486,selena-blankenship-md.486@univ-example.edu
489,gary-johnson.489@univ-example.edu
490,jay-heath-jr.490@researchers.net
494,ryan-vargas.494@cs-example.edu
496,zachary-brown.496@lab.example.org
498,suzanne-taylor.498@cs-example.edu
