pid,name
1,Denise Blankenship MD
2,Terry Bray
3,Nicholas Ryan
4,Lisa Adams
5,Melissa Wright
6,Victor Thornton
7,Victoria Mccarthy
8,Marissa Martinez
9,Michael Norman
10,Frances Garcia
11,Stacy Matthews
12,Brittany Wilcox
13,Megan Meyer
14,David Franklin
15,Timothy Neal
16,Martha Fitzgerald
17,Mark Davis
18,Ebony Wheeler
19,Richard Myers
20,Mark Sharp
21,Maria Guzman
22,Faith Carter
23,Stephanie Stephens
24,Jay Johnson
25,Eric Brooks
26,Tina Roberson
27,Anna Williams
28,Frank Woods
29,Sarah Mullins
30,Michelle Miller
31,Michael Weber
32,Steven Knox
33,Andrew Gates
34,Sarah Montoya
35,Kevin Rios
36,Renee Robinson
37,Jason Rosales
38,Kristen Davis
39,Isaac Ryan
40,David Flynn
41,Robert Rowe
42,Michael Mcconnell
43,Dustin Keller
44,Heather Camacho
45,Mandy Fisher
46,Melissa Anthony
47,Andrew Juarez
48,Thomas Nash
49,Morgan Kelley
50,Olivia Valdez
51,Stephanie Clark
52,Mrs. Rebecca Wright
53,William Christensen
54,Cheryl Maldonado
55,Christopher Price
56,Joanna Mitchell
57,Jonathan Daugherty
58,Stacy Willis
59,Anna Martin
60,Kathryn Castaneda
61,Jason Shields
62,Andrew Mcpherson
63,Amanda Stevens
64,Peggy Burton
65,Linda Bell
66,Melanie Williams
67,David Owens
68,Adrian Elliott
69,Kimberly Riley
70,Joseph Dixon
71,Megan Wong
72,Devin Graham
73,Lisa Henry
74,Adam Frazier
75,Lindsey Hawkins
76,John Shannon
77,Jennifer Lewis
78,Hector Knight
79,Aaron Ingram
80,Kristina Johnson
81,Melinda Hughes
82,Rebecca Henderson MD
83,Tracy Davidson
84,Aaron Harris
85,Julie Williams
86,Jared Brown
87,Alisha Williams
88,Taylor Mccall
89,Randy Herrera
90,Richard Harvey
91,Rebecca Wilson
92,William Garza
93,Kenneth Johnson
94,Scott Rivera
95,Terry Mullins
96,Jerry Patterson
97,Emily Wright
98,Randall Wheeler
99,Edward Scott
100,Frank Fisher
101,Ryan Pruitt PhD
102,James Durham
103,Veronica Ortiz
104,Anna Wagner
105,Paul Jones
106,Carrie Barnes
107,Patrick Mueller
108,Briana Young
109,Bruce Harmon
110,Jessica Norris
111,Alexandra Porter
112,April Baker
113,William Johnson
114,Craig Robinson
115,Mary Smith
116,James Marshall
117,Kristin Ritter
118,Michael Taylor Jr.
119,Ronald Burns
120,Christine Armstrong
121,Jessica Goodwin
122,Kimberly Hodges
123,Patricia Logan
124,Jasmine Lester
125,Spencer Miller
126,Nathaniel Hernandez
127,Benjamin Perez
128,Lindsay Barton
129,Daniel Murphy
130,Alan Poole
131,Gregory Keith
132,Stephanie Hicks
133,Justin Kennedy
134,James Jimenez
135,Heather Keller
136,Barbara Martin
137,Amanda Williams
138,Paul Lynch
139,Sara David
140,Jennifer Lam
141,Lisa Martinez
142,Angela Stevens
143,Mr. George Ruiz
144,John Cobb
145,William Levy
146,Danielle Porter
147,Thomas Smith
148,Juan Ortiz
149,Claire Hayden
150,Carla Davis
151,Jacob Ball
152,Ruth Myers
153,Lynn Barnes
154,Brandon Harris
155,Adam Murillo
156,Cody Wright
157,Gregory Stevenson
158,Anna Schmidt
159,Ashley Olson
160,Crystal Baker
161,Courtney Ford
162,Jeffrey Sanchez
163,Victoria Hogan
164,Kristine Neal
165,Rachel Hernandez
166,Amy Mason
167,Susan Taylor
168,Ryan Rodriguez
169,Justin Lee
170,Kevin Jackson
171,April Burgess
172,Greg Black
173,Pedro Craig
174,Kim Wright
175,Andrew Hernandez
176,Stacey Lee
177,Jonathan Harmon
178,Jessica Vaughn
179,Brett Holt
180,Carrie Peterson
181,Crystal Moore
182,Martin Murphy
183,Mr. William Mcdowell
184,Angela Munoz
185,Kyle Parker
186,Dawn Roman
187,Stephanie Patton
188,Cassidy Sanchez
189,Monique Mccullough DVM
190,Mariah Miller
191,Stephanie Stuart
192,Jeffrey Parrish
193,Matthew Tyler
194,John Watkins
195,Joseph Sanders
196,Gregory Adams
197,Jared Everett
198,Keith Bradshaw
199,Kelly Guerrero
200,Christopher Riley
201,Stuart Hall
202,Sharon Reid
203,Zachary Whitaker
204,Laurie Tran
205,Beverly Thompson
206,Ann Rose
207,Melissa Forbes DDS
208,Cindy Washington
209,Jordan Rush
210,Jennifer Jones
211,Daniel Davidson
212,Reginald Hernandez
213,Ms. Kayla Williams
214,Cindy Ruiz
215,Andres Jackson
216,Angela Thomas
217,Jasmine Jackson
218,Nathaniel Fowler
219,Thomas Humphrey
220,Eric Armstrong
221,Samuel Hayes
222,Tracie Salazar
223,Melissa Salas
224,Melvin Klein PhD
225,Breanna Scott
226,Amy Jenkins
227,Emma Hunt
228,Debra Brown
229,Mike Garza
230,Julie Martinez
231,Donna Mitchell
232,Wendy Larsen
233,Heather Walsh
234,Renee Gardner
235,Colleen Henry
236,Eileen Roth
237,Charles Wells
238,Mr. Malik May
239,Melissa Wagner
240,Scott Hopkins
241,Austin Pierce
242,Thomas Snyder
243,Deborah Henry
244,Stacey Mitchell
245,Richard Cole
246,Larry Moon
247,John Chavez
248,Gary Thomas
249,Scott Prince
250,Kevin Davis
251,Kristina Jones
252,Christopher Myers
253,Kiara Brown
254,Ashley Bell
255,Isaiah Davis
256,Elizabeth Rosales
257,Richard Oneal
258,Nancy Green
259,Denise Myers DDS
260,Timothy Jefferson
261,Eric Kennedy
262,Ronald Ortega
263,Thomas Wright
264,Mary Summers
265,Bruce Perry
266,Katie Carroll
267,Jeffrey Stevens
268,Jason Marshall
269,Carolyn Fitzgerald DDS
270,Kendra Wood
271,Nicole Pineda
272,Melissa Daniel
273,Amber Cabrera
274,Karen Smith
275,Alisha Stanton
276,Stacie Gordon
277,Elizabeth Lane
278,Alison Jones
279,Craig Ware
280,Tanya Sullivan
281,Denise Nelson
282,Elizabeth Thompson
283,Jerome Brown
284,Jennifer Arnold
285,Gregory Anderson
286,Tiffany Williams
287,Kathryn Martinez
288,Casey Edwards
289,Jessica Hopkins
290,Timothy Golden
291,Leslie Manning
292,Matthew Mejia
293,Alexa Wilson
294,William Bolton
295,Julia Camacho
296,Amy Ponce
297,Lori Everett
298,Jessica Johnson
299,Chase Bond
300,Ann Alvarado
301,Steven Bush
302,Linda Wilson
303,Alice Johnson
304,Jennifer Hill
305,Rachel Mckinney
306,Chad Pena
307,Dustin Lee
308,Brooke Chapman
309,Derek Hull
310,Tamara Lee
311,Jillian Mathews
312,Patrick Tate
313,Steven Carlson
314,John Goodman
315,Tyler Williams
316,Kelly West
317,Micheal Stewart
318,Jessica Hayes
319,Michael Chase
320,David Rivera
321,Brianna Schultz
322,Anita Campbell
323,Bianca Garcia
324,Kelly Hill
325,John Summers
326,Rebecca Morgan
327,Kevin Myers
328,Shirley Walter
329,Mark Singleton
330,Catherine Welch
331,Michael Brown
332,Christopher Jarvis DVM
333,Willie Cuevas
334,Kimberly Coleman
335,Christopher Brandt
336,Beth Taylor
337,Kevin Taylor
338,Kristen Shannon
339,Michael Weber
340,Jason Alvarado
341,Debbie Horne
342,Kristen Clark
343,David Sanchez
344,Karen Morris
345,Bernard Rivera
346,Danielle Black
347,Isaiah Fowler
348,Daniel Clark
349,Jennifer Carr
350,William Owen
351,Steven Shelton
352,Deanna Carey
353,Tanya Hudson
354,Crystal Miller
355,Lori Rice
356,Mr. James Franklin
357,Tiffany Sandoval
358,Nichole Crawford
359,Nicole Wood
360,Brianna Williams
361,Jamie Rivas
362,Michael Kim
363,Ryan Wilkins
364,Felicia Garcia
365,Daniel Scott
366,Kaitlin Olson
367,Rhonda Holt
368,Christina Clark
369,Jennifer Smith
370,Jonathan Burnett
371,Summer Washington
372,Stephanie Warren
373,Russell White
374,Edward Bennett
375,Bryan Henderson
376,Alexander Clark
377,Hannah Smith
378,Katherine Smith
379,Beth Fisher
380,Rebecca Mckinney
381,Dr. Ashley Gonzalez
382,Mike Smith
383,Johnny Sanders
384,Tony Peterson
385,Benjamin Gordon
386,Alicia Torres
387,Philip Burns
388,Terri Evans
389,Anthony Bailey
390,Ryan Alexander
391,Sara Romero
392,Melissa Scott
393,Erica Rose
394,Timothy Booker
395,Curtis Fischer
396,Matthew Mclaughlin
397,Jennifer Jones
398,Kim Morales
399,Patrick Martin
400,Brady Obrien
401,Cynthia Conrad
402,Faith Cooper
403,Tonya Day
404,Felicia Tucker
405,Jennifer Smith
406,Kelly Lambert
407,Gilbert Sanchez
408,Sean Mitchell
409,Donna Crawford
410,Diana Taylor DDS
411,Lauren Harris
412,Dustin Jacobs
413,Heather Newton
414,Julie Bowen
415,Jessica Harris
416,Ms. Stephanie Phillips
417,Nicholas Hall
418,Lori Perez
419,Roberto Gibson
420,Gabriella Edwards
421,Brittany Brown
422,Stephanie Mitchell
423,Daniel Washington
424,Joe Jennings
425,Mary Scott
426,Johnny Miranda
427,Patrick Lee
428,Crystal Lewis
429,Mark Perez
430,Sandra Newman
431,Misty Compton
432,Dustin Key
433,Geoffrey Smith
434,Melinda Thompson
435,John Caldwell
436,Meagan Shaw
437,Frank Barber
438,Kimberly Baldwin
439,Crystal Yu
440,Shaun Santiago
441,Megan Barber
442,Christopher Young
443,Kelsey Wallace
444,Samuel Walker
445,Andrea Newman
446,Kyle Reid
447,Brittany Lewis
448,Vincent Carroll
449,Kathryn Dalton
450,Edward Lawrence
451,Sabrina Roberts
452,Sharon Andrews
453,Shawn Morrison
454,Kenneth Trevino
455,John Rodgers
456,Michael York
457,Sara Fischer
458,Daniel Cardenas
459,Amy Nash
460,Jason Stokes
461,Susan Mcdowell
462,Michael Day
463,Casey Guzman
464,Jill Le
465,Darryl Douglas
466,Gary Mccullough
467,Alexandra Edwards
468,Sherry Pennington
469,Dr. Kathryn Campos
470,Alexander Higgins
471,Leslie Martin
472,Keith Dickerson
473,Allison Nixon
474,Diamond Jackson
475,Justin Gonzalez
476,Kimberly Snyder
477,Bradley Willis
478,Sarah Hudson
479,Rachel Barker
480,Natalie Howard
481,Timothy Martin
482,Edward Myers PhD
483,Susan Harvey
484,Laura Braun
485,Johnny French
486,Selena Blankenship MD
487,Veronica Grant
488,Nicole Cooper
489,Gary Johnson
490,Jay Heath Jr.
491,Craig White
492,Jennifer Scott
493,Sarah Hooper
494,Ryan Vargas
495,Sarah Ryan
496,Zachary Brown
497,Dr. Richard Rosales
498,Suzanne Taylor
499,Katherine Ferguson
500,Keith Chandler
