id,title,director,year
1,Sacred Ocean,Jane Lucas,2009
2,The Iron Tide,Damien Coppola,2011
3,The Final Mirror,Bong Nolita,2011
4,Burning Mirror,Martin Chaplin,2008
5,A Infinite Quest,Clint Kubrick,2015
6,A Hidden Horizon,Christopher Kurosawa,2005
7,A Broken Mountain,Stanley Gibson,1994
8,Crimson Promise,Bong Boyle,1982
9,Rising Horizon,Guillermo Scott,1988
10,A Wandering Legacy,Andrew Iñárritu,2005
11,A Golden Mirror,Akira Anderson,1999
12,Haunted Ocean,Andrew del Toro,1997
13,The Dark Storm,Damien Malick,1975
14,The Last Kingdom,Michael Lee,1998
15,Broken Night,Michael Iñárritu,1990
16,Haunted Forest,Alejandro Chaplin,2015
17,Dark Horizon,Richard Fincher,2006
18,A Dark Tide,Steven Kurosawa,2009
19,A Hidden Empire,Peter Zemeckis,1999
20,A Radiant Forest,Peter Polanski,2019
21,The Secret Path,Akira del Toro,1979
22,Sacred Night,Christopher Coen,2019
23,The Fallen River,Alejandro Chaplin,1985
24,Crimson Path,Quentin DePalma,2013
25,A Radiant Riddle,George Gerwig,2021
26,A Burning River,Orson Kurowsawa,2012
27,A Wild Horizon,Quentin Anderson,2009
28,Silent Forest,Quentin Cameron,2010
29,Secret Empire,Patty Polanski,2006
30,Broken Tide,Guillermo Eastwood,1998
31,The Iron Cure,Richard Fincher,1991
32,A Fallen Horizon,Akira Yonebayashi,2001
33,Golden Shadow,Jane Roeg,2009
34,The Lonely Quest,Woody Von Trier,1981
35,A Eternal Cure,Spike Wright,2023
36,The Eternal Journey,Ryan Scorsese,2018
37,Last Empire,Francis Malick,1977
38,Dark Night,James Reiner,1986
39,A Sacred Empire,Joel del Toro,2007
40,Burning Truth,James Scott,1975
41,Infinite Legacy,Clint Fincher,2022
42,A Radiant Ocean,Clint Roeg,2023
43,Silent Tide,Tim Gibson,2004
44,Sacred Legacy,Jordan Kubrick,2024
45,A Brave Path,Andrew Scott,1983
46,Fallen Shadow,Peter Spielberg,2021
47,Forgotten Riddle,Jane Von Trier,2003
48,Wandering Labyrinth,Guillermo Linklater,2003
49,Hidden Labyrinth,Guillermo Linklater,2021
50,Hidden Game,Stanley Smith,2021
51,The Broken Tide,James Zemeckis,1980
52,A Forgotten Heart,Darren Van Sant,2019
53,The Sacred Night,Barry Chaplin,2018
54,Crimson Mountain,Akira Von Trier,2002
55,The Sacred Mirror,Kathryn Von Trier,2017
56,A Lonely Shadow,Tim Von Trier,2004
57,The Lonely Tide,Jane Roeg,2006
58,Fallen Mountain,Bong Fincher,2020
59,Forgotten Path,Quentin Anderson,1970
60,The Sacred Journey,Michel Welles,1962
61,A Shattered Ocean,Woody Welles,1999
62,The Brave Voice,J.J. Malick,1969
63,A Infinite Path,Christopher Kurosawa,2019
64,Lost Game,Alejandro Smith,2019
65,Silent Sky,Sofia Malick,2000
66,Wandering Mountain,Joel Polanski,2003
67,Golden Dream,Ryan Van Sant,2014
68,The Final Sky,Damien Haynes,1999
69,Brave Legacy,Jordan Kubrick,1960
70,Iron River,Damien Taylor,2024
71,Broken Storm,Woody Roeg,2020
72,Forgotten Shadow,Hayao Nolita,2019
73,The Secret Journey,Patty Satō,2010
74,Frozen Voice,Ridley Boyle,2011
75,The Radiant Path,Patty Iñárritu,2005
76,A Iron Ocean,George Wright,1998
77,Wild Ocean,David Anderson,2016
78,The Eternal Riddle,Damien Anderson,2013
79,Fallen Memory,Guillermo Taylor,2020
80,Lonely Sky,Akira Eastwood,2020
81,The Forgotten Kingdom,James Nolan,2019
82,Rising Mountain,George Nolan,2019
83,A Lonely Night,Greta Smith,1992
84,A Golden Light,Richard Nolan,2019
85,First Horizon,Joel Scorsese,1987
86,A Brave Mirror,Orson Smith,2018
87,A Lost Night,Jordan Jackson,2003
88,Wandering Ocean,Damien Malick,1964
89,Rising Sky,Greta Cameron,2017
90,Silent Truth,Barry Kurosawa,1993
91,Haunted Heart,Tim Lee,2011
92,Lost Tide,Alejandro Ando,2023
93,Forgotten Quest,Hayao Roeg,2008
94,Secret Truth,Francis Van Sant,1963
95,First Night,Ethan Reiner,1999
96,A Final Tide,Joel Greengrass,2021
97,A Silent Storm,Francis Malick,1983
98,A Radiant River,David Iñárritu,2009
99,The Haunted Dream,Kathryn Smith,2022
100,Lonely Forest,Sofia Kurosawa,2013
101,Haunted Promise,Clint Scorsese,2017
102,Fallen Voice,Alfred DePalma,2014
103,Burning Kingdom,Francis Gibson,1992
104,A Final Signal,Barry Jackson,2024
105,Fallen Labyrinth,Tim Roeg,2012
106,A Sacred Storm,Kathryn Spielberg,2010
107,The Fallen Tide,Zhang Coppola,2018
108,A Lonely Mirror,Sofia Wright,2015
109,Dark Kingdom,J.J. Hitchcock,1971
110,The Haunted Game,Alfred DePalma,2010
111,A Forgotten Path,Damien Coppola,2002
112,A Lonely Cure,Zhang Anderson,1960
113,Iron Storm,Joel del Toro,2021
114,Sacred Path,Darren Lucas,2015
115,A Wild Storm,Kathryn Hawks,2013
116,The First Sky,Steven Anderson,2021
117,A Golden Game,Akira Eastwood,2001
118,The Crimson Storm,George Spielberg,2012
119,Eternal Horizon,Denis Polanski,1959
120,Frozen Horizon,Zhang Eastwood,1984
121,The Wild Horizon,Spike Kubrick,2003
122,Wandering Quest,Tim Kurosawa,1971
123,Silent Night,Peter Iñárritu,2001
124,Fallen Tide,Quentin Lee,2007
125,Dark Voice,Guillermo Scorsese,2000
126,The Fallen Memory,Greta Wright,2001
127,The First Mountain,Joel del Toro,1993
128,A Burning Dream,Joel Ando,2003
129,Sacred Truth,Francis Burton,2002
130,Eternal Kingdom,Greta Cameron,2014
131,A Final Edge,Quentin del Toro,2002
132,A Silent Signal,Quentin DePalma,2017
133,The Shattered Signal,Michel Chaplin,1973
134,A Shattered Shadow,Darren Fincher,2023
135,Eternal Sky,Bong Lucas,2001
136,Iron Tide,Kathryn Von Trier,2010
137,The Broken River,Guillermo Boyle,2024
138,The Lost Riddle,Ethan Smith,2013
139,The Haunted Ocean,Alfred Greengrass,1980
140,A Golden Quest,Ethan Coen,1980
141,Broken Horizon,Guillermo del Toro,2021
142,A Iron Storm,Bong Scorsese,1996
143,The Eternal Ocean,Tim Roeg,2022
144,A Burning Voice,Sofia Roeg,2012
145,Lost Night,Tim Kubrick,2023
146,The Sacred Edge,Zhang Lucas,2019
147,Radiant Memory,Hayao Iñárritu,1981
148,Eternal Promise,Clint Coen,1987
149,A Sacred Quest,Guillermo Eastwood,1987
150,A Sacred Labyrinth,Francis Coppola,1956
151,Infinite Labyrinth,Christopher Linklater,2002
152,Broken Mirror,Greta Cameron,2017
153,Last Mountain,George Iñárritu,2009
154,The Sacred Legacy,Zhang Reeves,1974
155,Radiant Legacy,Bong Nolita,1993
156,The Haunted Signal,Clint Eastwood,1971
157,A Silent Forest,Kathryn Welles,1996
158,Radiant Riddle,Michel Scott,1980
159,Infinite Light,Kathryn Spielberg,2020
160,Sacred Signal,Akira Yonebayashi,2001
161,A Eternal Journey,Ryan Scorsese,2010
162,Infinite Night,Barry Kurosawa,2000
163,The Fallen Empire,Damien Burton,2024
164,The Silent Labyrinth,Michael Smith,2017
165,Silent Shadow,Clint DePalma,2020
166,Sacred Shadow,Damien Roeg,1977
167,Wild Legacy,Spike Smith,2020
168,A Infinite Truth,George Von Trier,1964
169,Sacred Voice,Greta Gibson,2002
170,A Secret Legacy,Christopher Linklater,2006
171,The Rising Empire,Francis Burton,2013
172,Shattered Journey,Akira Yonebayashi,2005
173,A Broken Shadow,Ridley Spielberg,2006
174,Rising Ocean,Joel Scorsese,2023
175,Radiant Ocean,Alejandro Burton,1976
176,The Burning Voice,Orson Hawks,1991
177,Rising Heart,Alfred Hawks,2012
178,Radiant Dream,Taika Linklater,2012
179,A Broken Promise,Darren Kurowsawa,2013
180,A Broken Voice,Woody Welles,2018
181,The Burning Sky,James Soderbergh,1969
182,Final Labyrinth,Patty Satō,2009
183,Wandering Journey,Peter Lee,2004
184,Final Path,Francis Wright,1998
185,Eternal Game,Joel Chaplin,2000
186,A Sacred Kingdom,Patty Haynes,1995
187,The Golden Truth,Hayao Reiner,2011
188,The Sacred Dream,Guillermo Scorsese,1991
189,Golden Edge,Michael Smith,2024
190,The Forgotten Empire,David Kurowsawa,2013
191,The Sacred Game,Richard Fincher,1990
192,The Sacred Voice,Greta Anderson,2014
193,Sacred Heart,Michael Malick,2012
194,The Last Mountain,Quentin Lee,1998
195,The Last Heart,David Kurowsawa,2024
196,A Frozen Journey,Kathryn Anderson,2010
197,The Silent Ocean,Guillermo del Toro,2009
198,The Frozen Voice,Akira Eastwood,1986
199,A Frozen Ocean,Peter Smith,2023
200,Golden Signal,George Haynes,2017
201,Silent Heart,Joel Reeves,1992
202,The Hidden Edge,Tim Welles,2014
203,Broken Promise,David Iñárritu,2013
204,The Sacred Light,Michael Kurowsawa,1962
205,A Infinite Riddle,Christopher Von Trier,1996
206,The Burning Horizon,Tim Roeg,2018
207,Secret Memory,Joel Taylor,1990
208,A Iron Sky,Spike Boyle,2006
209,Infinite Truth,Akira Eastwood,1993
210,The Frozen Signal,Pedro Nolan,1981
211,Haunted Empire,Ethan Coen,2003
212,A Lonely Empire,Akira Kubrick,2007
213,A Dark Riddle,Joel Chaplin,1990
214,Wild Sky,Francis Wright,2000
215,Infinite Forest,Orson Hawks,1982
216,The Wild Mirror,Tim Welles,2001
217,First Edge,Steven Reiner,1972
218,The Hidden Signal,Greta Burton,1989
219,Lonely Horizon,Guillermo Boyle,2001
220,The Hidden Shadow,Clint Kubrick,1990
221,The Shattered Tide,Akira Von Trier,2012
222,Shattered Path,Christopher Nolita,2009
223,The Wandering Legacy,Steven del Toro,2016
224,Lost Memory,Guillermo Eastwood,1990
225,The Rising Forest,Hayao Taylor,2002
226,Hidden Shadow,Wes Reiner,2009
227,Secret Sky,Patty Kurowsawa,2003
228,Brave Shadow,Kathryn Von Trier,2007
229,Sacred Dream,Christopher Gibson,1998
230,Golden Game,Zhang Anderson,1966
231,Fallen Legacy,Woody Jackson,2002
232,Eternal Storm,Steven Kubrick,1995
233,Iron Game,David Taylor,2023
234,A Hidden Memory,Barry Ando,1955
235,Final Signal,Jane Ando,1998
236,A Shattered Dream,Bong Lucas,2007
237,A Forgotten Riddle,Andrew Cameron,1992
238,Crimson Journey,Alejandro Welles,1980
239,Final Storm,Clint Van Sant,2020
240,A Final Cure,Peter Kurosawa,2014
241,Lost Storm,Martin DePalma,2019
242,Wild Labyrinth,Wes Lee,1967
243,A Golden Cure,Kathryn Welles,2024
244,First Ocean,Pedro Eastwood,2001
245,Infinite Signal,Damien Fincher,1973
246,Lonely Quest,Michel Scott,2008
247,A First River,James Nolan,1998
248,A Lonely Heart,David Scorsese,2006
249,Radiant Night,Michael Gerwig,2021
250,A Broken Dream,Patty Coppola,1952
251,The Iron Legacy,Guillermo Fincher,2019
252,Lonely Storm,James Scott,1970
253,Wild Quest,Patty Iñárritu,2021
254,Wandering Kingdom,Darren Fincher,2015
255,Sacred Kingdom,Alejandro Spielberg,2018
256,Dark Quest,Michael Satō,2024
257,The First Storm,Andrew Greengrass,2014
258,The Golden Sky,Michel Kurosawa,1984
259,A Rising Promise,Clint Ando,2003
260,Hidden Storm,George Gerwig,2001
261,Shattered Quest,Guillermo del Toro,2013
262,The Haunted Kingdom,George Scorsese,2012
263,Wild Promise,Guillermo Reeves,1988
264,Forgotten Light,Alejandro Scorsese,2022
265,A Forgotten Kingdom,J.J. Hitchcock,2007
266,A Last Shadow,Zhang Coppola,1994
267,Final Edge,Christopher DePalma,1981
268,Sacred Riddle,Steven Polanski,2014
269,The Haunted Labyrinth,Andrew Greengrass,2000
270,Lost Voice,Christopher Nolita,2005
271,A Wandering Signal,George Wright,2024
272,Fallen Path,Ryan Scorsese,2009
273,First Riddle,Bong Lucas,2002
274,Wild Truth,Joel Nolita,2013
275,A Sacred Sky,Hayao Welles,2014
276,A Sacred Riddle,Akira Kurosawa,2022
277,A Shattered Voice,Pedro Nolan,1991
278,Radiant Kingdom,Peter Iñárritu,2004
279,Broken Legacy,Akira DePalma,2002
280,Last Riddle,Kathryn Hawks,1990
281,A Fallen Sky,J.J. Jackson,2018
282,A Crimson Edge,Clint Eastwood,1993
283,Golden Ocean,Joel del Toro,2024
284,A Frozen Game,Wes Kurowsawa,2010
285,Forgotten Edge,Darren Hawks,2018
286,The Silent Journey,Greta Burton,1968
287,Golden Storm,Joel Scorsese,2007
288,Last Dream,Kathryn Anderson,2015
289,Fallen Promise,Ridley Haynes,1976
290,Broken Path,Guillermo Kubrick,2009
291,The Wild Shadow,Guillermo Chaplin,2011
292,The Broken Night,Taika Coen,2000
293,A Last Light,Ridley Soderbergh,2004
294,The Infinite Promise,Kathryn Anderson,1977
295,The Forgotten Light,Sofia Roeg,1969
296,The Broken Voice,Wes Lee,2016
297,First Cure,Clint Reiner,1999
298,A Dark Horizon,Wes Reiner,1986
299,Iron Labyrinth,Joel Gerwig,2015
300,Eternal Quest,Sofia Cameron,1983
301,The Lonely Horizon,Zhang Linklater,2014
302,The Sacred Riddle,Hayao Nolita,1992
303,The Broken Path,Richard Jackson,1984
304,A Haunted Truth,Clint Scorsese,1984
305,A Burning Light,J.J. Hitchcock,1992
306,Radiant Path,Damien Kurowsawa,1996
307,A Forgotten Quest,Ryan Van Sant,2003
308,The Wandering Empire,David Hitchcock,1988
309,The Forgotten Tide,Francis Malick,1980
310,The Golden River,James Scorsese,1954
311,A Brave Promise,Alfred Spielberg,1987
312,Dark Sky,Jordan Scorsese,2011
313,Golden Cure,Zhang Anderson,1981
314,Forgotten Mirror,Peter Satō,1986
315,The Lost Path,Alfred Greengrass,2012
316,A Silent Night,Zhang Lucas,2023
317,A Hidden Voice,Clint Hawks,1995
318,The Fallen Storm,Ryan del Toro,1999
319,Sacred River,Clint Burton,1992
320,The Frozen Edge,James Soderbergh,2001
321,The Crimson Horizon,Guillermo Eastwood,2017
322,The Lonely Path,Quentin Hitchcock,2015
323,Dark Truth,Kathryn Von Trier,2003
324,The Golden Ocean,Stanley Gibson,2015
325,Lost Heart,Alfred Greengrass,2016
326,The Haunted Mountain,Denis Kurosawa,2022
327,Lost Horizon,Tim Gibson,1985
328,A Final Mountain,Christopher Coen,1986
329,A Silent Game,Clint Lee,2016
330,The First Labyrinth,Pedro Eastwood,1990
331,Haunted Night,Kathryn Ando,1985
332,Sacred Empire,Francis Chaplin,2020
333,Lost River,Barry Jackson,2018
334,Lost Mountain,Tim Van Sant,2020
335,Iron Quest,Kathryn Nolita,1988
336,A Crimson Labyrinth,Hayao Roeg,2011
337,Lonely Light,Hayao Fincher,2001
338,A Brave Dream,David Kurowsawa,2014
339,Forgotten Forest,David Hitchcock,2005
340,The Last Empire,Martin Kurowsawa,2010
341,A Wandering Voice,Clint Kubrick,2018
342,A Brave Mountain,Ridley Scorsese,1999
343,Last Heart,Wes Welles,1989
344,The Lost Tide,Ethan Gibson,2015
345,Shattered Forest,Pedro Fincher,1979
346,Silent Riddle,Sofia Greengrass,2010
347,Sacred Mirror,Guillermo Kubrick,2024
348,The Shattered Game,Barry Kurosawa,2020
349,Brave Mountain,Ethan Reiner,1977
350,A Lost Storm,Hayao DePalma,2009
351,Last Light,Peter Eastwood,2011
352,The Broken Riddle,Richard Jackson,1974
353,Wandering Forest,Kathryn Welles,2014
354,A Fallen Signal,Stanley Fincher,1993
355,A Iron Cure,Jane Boyle,2023
356,The First River,Michel Gerwig,2022
357,Final River,Christopher Haynes,2024
358,Forgotten Mountain,Alejandro Iñárritu,2015
359,First Tide,Jane Boyle,1999
360,Final Tide,Woody Tarantino,2009
361,Brave Night,Guillermo Lucas,2004
362,The Haunted Light,Richard Wright,2021
363,The Crimson Labyrinth,Patty Polanski,2022
364,Silent River,George del Toro,2020
365,The Lonely Signal,Francis Reiner,2013
366,The Eternal Path,Christopher Kurosawa,2022
367,The Golden Promise,Alfred Allen,1988
368,A Sacred Horizon,Christopher Gibson,2012
369,A Burning Empire,Clint Fincher,2020
370,The Haunted Tide,Peter Chaplin,2005
371,Crimson Signal,Zhang Anderson,2002
372,A First Quest,Akira Satō,2016
373,A Golden River,Joel Coen,2001
374,A Iron Horizon,Michael del Toro,2000
375,The Wandering Dream,Martin Chaplin,2007
376,A Eternal Mirror,Joel Chaplin,2020
377,Lost Edge,Martin Kurowsawa,1979
378,Forgotten Memory,James Scott,1971
379,Haunted River,Peter Kurosawa,1998
380,Broken Journey,Zhang Lucas,2015
381,Fallen Riddle,Jane Coppola,1988
382,A Silent Shadow,Ethan Smith,1985
383,Iron Empire,Darren Van Sant,2015
384,The Lonely Cure,Greta Van Sant,2019
385,Brave Labyrinth,Kathryn Taylor,2013
386,Brave Heart,David Scorsese,2006
387,Hidden Memory,Steven Anderson,2009
388,The Wild Labyrinth,Akira Kurosawa,2016
389,A Sacred Legacy,Alfred Greengrass,2023
390,A Iron Path,Darren Von Trier,1972
391,The Haunted Edge,Bong Scorsese,1996
392,A Forgotten Light,Francis Malick,1983
393,Crimson Storm,James Scott,1982
394,The Infinite Empire,George Scott,2023
395,The Fallen Quest,Orson Yonebayashi,1971
396,A Final Mirror,Damien Coen,2013
397,A Crimson Horizon,Jane Boyle,1980
398,Eternal Journey,Wes Linklater,2014
399,The First Journey,Steven Reiner,2017
400,The Broken Light,Kathryn Spielberg,2014
401,Forgotten Cure,Patty Satō,2022
402,The Broken Cure,Clint Ando,2006
403,Golden Path,George Jackson,2010
404,Sacred Sky,Orson Yonebayashi,1975
405,A Crimson Cure,Peter Lee,2002
406,A Haunted Heart,Akira del Toro,2013
407,Brave Riddle,George Iñárritu,2011
408,First Mirror,Ryan Scorsese,1995
409,Iron Mountain,Tim Kurosawa,2012
410,Iron Horizon,J.J. Smith,2008
411,A Golden Heart,Sofia Cameron,2013
412,A Brave Voice,Wes Satō,2000
413,The Sacred Empire,Guillermo Reeves,1995
414,The Broken Kingdom,Ridley Fincher,1971
415,Radiant Voice,Darren Hawks,2008
416,The Rising Heart,Bong Kurosawa,2009
417,Eternal Heart,Hayao Nolita,2016
418,The Radiant Mirror,Ridley Polanski,2003
419,Golden Sky,David Kubrick,2007
420,The Last Cure,Guillermo Scorsese,1997
421,Lost Journey,Damien Coppola,2000
422,Broken Mountain,Sofia Cameron,1982
423,The Eternal Cure,Michael Kurowsawa,1979
424,A Shattered Horizon,Tim Roeg,2018
425,The Shattered Riddle,Guillermo Kubrick,2011
426,The Final Ocean,Tim Von Trier,2010
427,First Storm,James Nolan,1993
428,The Dark Promise,Kathryn Satō,1990
429,Hidden Riddle,Christopher Coen,1978
430,Sacred Mountain,Peter Chaplin,2018
431,Brave Tide,Guillermo Anderson,1985
432,Secret River,Woody Ando,1968
433,Frozen Sky,Alejandro Scorsese,2009
434,The Wandering Journey,Barry Ando,2002
435,Frozen Legacy,Joel del Toro,2014
436,The Crimson Promise,Kathryn Ando,1982
437,The Eternal Forest,Clint Coen,2011
438,The Sacred Kingdom,Christopher Haynes,2023
439,Secret Horizon,Joel Ando,2016
440,A Rising Quest,Hayao Nolan,2017
441,A Broken Legacy,David Kurowsawa,2017
442,A Sacred Ocean,Alfred Gibson,2014
443,A Crimson Heart,Jordan Yonebayashi,2012
444,Golden Riddle,James Soderbergh,1976
445,Frozen Journey,George Fincher,1965
446,Fallen Quest,Orson Reeves,1987
447,Forgotten Tide,Taika Linklater,1999
448,The Burning Journey,J.J. Kurosawa,1983
449,The Burning Shadow,Taika Fincher,2012
450,Sacred Forest,Kathryn Kurosawa,2001
451,Iron Journey,Jane Lucas,2007
452,Final Journey,Andrew Scott,2002
453,Hidden Heart,Kathryn Smith,2009
454,The Broken Legacy,Guillermo Roeg,2004
455,Brave Voice,Alejandro Ando,1988
456,The Eternal Empire,Denis Coen,2010
457,Rising Edge,James Nolan,2018
458,A Final Light,Jane Von Trier,2020
459,A Broken Kingdom,Tim Kurosawa,2010
460,Brave Quest,Darren Reeves,1980
461,The Shattered Storm,Akira Von Trier,2000
462,A Eternal Light,Damien Kurowsawa,2004
463,The Crimson Tide,Quentin Lee,2021
464,The Final Kingdom,Jordan Kubrick,2021
465,Sacred Edge,Peter Eastwood,2024
466,The Burning Mountain,George Reeves,1987
467,The Iron Shadow,Joel Scorsese,2022
468,Dark Legacy,David Iñárritu,2005
469,Crimson Dream,Stanley Anderson,2014
470,The Shattered Mountain,Woody Wright,2006
471,A Frozen Shadow,Akira Spielberg,1983
472,The Infinite Cure,George Iñárritu,2011
473,The Frozen Journey,Jane Zemeckis,1980
474,Brave Empire,Ethan Smith,1999
475,A Shattered Legacy,Alfred Boyle,2013
476,The Sacred Sky,Orson Kurowsawa,1998
477,Sacred Cure,George Lucas,1975
478,The First Riddle,Jane Roeg,2014
479,First Legacy,Ryan Welles,2015
480,Fallen Game,Barry Chaplin,2009
481,Wild Mountain,Patty Spielberg,2004
482,Haunted Kingdom,Stanley Malick,1994
483,Broken Kingdom,Guillermo Kubrick,1992
484,A Brave Game,David Kurowsawa,2022
485,First Truth,Darren Nolan,2010
486,A Fallen Tide,Kathryn Lucas,2018
487,A Iron Game,Guillermo del Toro,2013
488,Secret Journey,Jordan Yonebayashi,2022
489,A Radiant Dream,Patty Allen,1987
490,A Infinite Promise,Damien Haynes,2010
491,The Lost Dream,Joel Reeves,2003
492,Sacred Light,Jane Kurosawa,2021
493,First Mountain,Tim Hawks,2007
494,Sacred Journey,George Nolan,2005
495,Frozen River,George Spielberg,1975
496,The Wild Ocean,Barry Kurosawa,2010
497,Shattered Kingdom,Damien Burton,1991
498,A Secret Cure,James del Toro,1995
499,The Radiant Night,Kathryn Smith,1993
500,The Burning Tide,Damien Roeg,2024
