pid,name,email
1385,Emma Rivera,emma.rivera.1385@example.org
904,Jordan Lewis,jordan.lewis.904@example.org
718,Skyler Clark,skyler.clark.718@example.org
836,Olivia Johnson,olivia.johnson.836@example.org
928,Shawn Campbell,shawn.campbell.928@example.org
1559,Morgan Wilson,morgan.wilson.1559@example.org
1346,Sebastian Thompson,sebastian.thompson.1346@example.org
791,Amelia Nguyen,amelia.nguyen.791@example.org
228,Shawn Campbell,shawn.campbell.228@example.org
1121,Sage Mitchell,sage.mitchell.1121@example.org
365,Rowan Jones,rowan.jones.365@example.org
1849,Leo Baker,leo.baker.1849@example.org
975,Lennon Sanchez,lennon.sanchez.975@example.org
1961,Charlie Ramirez,charlie.ramirez.1961@example.org
1735,Emma Rivera,emma.rivera.1735@example.org
1815,Rowan Jones,rowan.jones.1815@example.org
569,Parker King,parker.king.569@example.org
32,Noah Harris,noah.harris.32@example.org
1874,Dakota Jackson,dakota.jackson.1874@example.org
1282,Noah Harris,noah.harris.1282@example.org
802,Jamie Anderson,jamie.anderson.802@example.org
1613,Quinn Adams,quinn.adams.1613@example.org
516,Harper Gonzalez,harper.gonzalez.516@example.org
1051,Sam Davis,sam.davis.1051@example.org
1079,Devin Williams,devin.williams.1079@example.org
896,Sebastian Thompson,sebastian.thompson.896@example.org
1211,Charlie Ramirez,charlie.ramirez.1211@example.org
1703,Taylor Perez,taylor.perez.1703@example.org
1872,Emerson Brown,emerson.brown.1872@example.org
1597,Jack Robinson,jack.robinson.1597@example.org
1522,Emerson Brown,emerson.brown.1522@example.org
790,Mia Walker,mia.walker.790@example.org
54,Jordan Lewis,jordan.lewis.54@example.org
773,Hayden Lopez,hayden.lopez.773@example.org
1177,River Flores,river.flores.1177@example.org
1808,Drew Garcia,drew.garcia.1808@example.org
912,Avery Wright,avery.wright.912@example.org
244,Benjamin Rodriguez,benjamin.rodriguez.244@example.org
367,Reese Martin,reese.martin.367@example.org
781,Logan Moore,logan.moore.781@example.org
1855,Casey Scott,casey.scott.1855@example.org
967,Reese Martin,reese.martin.967@example.org
113,Quinn Adams,quinn.adams.113@example.org
1986,Olivia Johnson,olivia.johnson.1986@example.org
662,Avery Wright,avery.wright.662@example.org
1063,Quinn Adams,quinn.adams.1063@example.org
846,Sebastian Thompson,sebastian.thompson.846@example.org
1283,Mason Young,mason.young.1283@example.org
830,Kendall Hernandez,kendall.hernandez.830@example.org
1878,Shawn Campbell,shawn.campbell.1878@example.org
1779,Devin Williams,devin.williams.1779@example.org
239,Isabella White,isabella.white.239@example.org
1424,Dakota Jackson,dakota.jackson.1424@example.org
1533,Mason Young,mason.young.1533@example.org
755,Casey Scott,casey.scott.755@example.org
1174,Dakota Jackson,dakota.jackson.1174@example.org
129,Devin Williams,devin.williams.129@example.org
1650,Alex Miller,alex.miller.1650@example.org
1337,Ava Martinez,ava.martinez.1337@example.org
1998,Daniel Torres,daniel.torres.1998@example.org
1819,Parker King,parker.king.1819@example.org
1789,Isabella White,isabella.white.1789@example.org
1566,Harper Gonzalez,harper.gonzalez.1566@example.org
1690,Mia Walker,mia.walker.1690@example.org
126,Phoenix Allen,phoenix.allen.126@example.org
1591,Amelia Nguyen,amelia.nguyen.1591@example.org
838,Sophia Taylor,sophia.taylor.838@example.org
1185,Emma Rivera,emma.rivera.1185@example.org
63,Quinn Adams,quinn.adams.63@example.org
707,Cameron Roberts,cameron.roberts.707@example.org
1568,Skyler Clark,skyler.clark.1568@example.org
377,River Flores,river.flores.377@example.org
1738,Sophia Taylor,sophia.taylor.1738@example.org
372,Emerson Brown,emerson.brown.372@example.org
242,Ethan Hall,ethan.hall.242@example.org
1712,Avery Wright,avery.wright.1712@example.org
743,Lucas Smith,lucas.smith.743@example.org
1421,Sage Mitchell,sage.mitchell.1421@example.org
682,Noah Harris,noah.harris.682@example.org
34,Liam Hill,liam.hill.34@example.org
287,Ava Martinez,ava.martinez.287@example.org
1992,Ethan Hall,ethan.hall.1992@example.org
823,Hayden Lopez,hayden.lopez.823@example.org
102,Jamie Anderson,jamie.anderson.102@example.org
1275,Lennon Sanchez,lennon.sanchez.1275@example.org
1934,Liam Hill,liam.hill.1934@example.org
1901,Sam Davis,sam.davis.1901@example.org
1157,Cameron Roberts,cameron.roberts.1157@example.org
1097,Jack Robinson,jack.robinson.1097@example.org
465,Rowan Jones,rowan.jones.465@example.org
1089,Isabella White,isabella.white.1089@example.org
1708,Drew Garcia,drew.garcia.1708@example.org
551,Sam Davis,sam.davis.551@example.org
754,Jordan Lewis,jordan.lewis.754@example.org
659,Morgan Wilson,morgan.wilson.659@example.org
1907,Cameron Roberts,cameron.roberts.1907@example.org
1876,Phoenix Allen,phoenix.allen.1876@example.org
985,Emma Rivera,emma.rivera.985@example.org
39,Isabella White,isabella.white.39@example.org
47,Jack Robinson,jack.robinson.47@example.org
1399,Leo Baker,leo.baker.1399@example.org
1616,Harper Gonzalez,harper.gonzalez.1616@example.org
934,Liam Hill,liam.hill.934@example.org
841,Amelia Nguyen,amelia.nguyen.841@example.org
476,Phoenix Allen,phoenix.allen.476@example.org
1707,Cameron Roberts,cameron.roberts.1707@example.org
227,River Flores,river.flores.227@example.org
1192,Ethan Hall,ethan.hall.1192@example.org
575,Lennon Sanchez,lennon.sanchez.575@example.org
1074,Dakota Jackson,dakota.jackson.1074@example.org
483,Mason Young,mason.young.483@example.org
805,Casey Scott,casey.scott.805@example.org
1677,River Flores,river.flores.1677@example.org
1599,Leo Baker,leo.baker.1599@example.org
685,Emma Rivera,emma.rivera.685@example.org
1078,Shawn Campbell,shawn.campbell.1078@example.org
1570,Finley Green,finley.green.1570@example.org
1442,Ethan Hall,ethan.hall.1442@example.org
916,Harper Gonzalez,harper.gonzalez.916@example.org
127,River Flores,river.flores.127@example.org
1152,Jamie Anderson,jamie.anderson.1152@example.org
1019,Parker King,parker.king.1019@example.org
870,Finley Green,finley.green.870@example.org
405,Casey Scott,casey.scott.405@example.org
2000,Alex Miller,alex.miller.2000@example.org
761,Charlie Ramirez,charlie.ramirez.761@example.org
1898,Daniel Torres,daniel.torres.1898@example.org
1924,Dakota Jackson,dakota.jackson.1924@example.org
232,Noah Harris,noah.harris.232@example.org
145,Henry Thomas,henry.thomas.145@example.org
78,Shawn Campbell,shawn.campbell.78@example.org
987,Ava Martinez,ava.martinez.987@example.org
1009,Morgan Wilson,morgan.wilson.1009@example.org
772,Emerson Brown,emerson.brown.772@example.org
1401,Sam Davis,sam.davis.1401@example.org
1761,Charlie Ramirez,charlie.ramirez.1761@example.org
264,Elliot Carter,elliot.carter.264@example.org
169,Parker King,parker.king.169@example.org
1969,Parker King,parker.king.1969@example.org
514,Elliot Carter,elliot.carter.514@example.org
729,Devin Williams,devin.williams.729@example.org
375,Lennon Sanchez,lennon.sanchez.375@example.org
1405,Casey Scott,casey.scott.1405@example.org
1867,Reese Martin,reese.martin.1867@example.org
1090,Mia Walker,mia.walker.1090@example.org
1928,Shawn Campbell,shawn.campbell.1928@example.org
1271,Sage Mitchell,sage.mitchell.1271@example.org
1888,Sophia Taylor,sophia.taylor.1888@example.org
804,Jordan Lewis,jordan.lewis.804@example.org
749,Leo Baker,leo.baker.749@example.org
885,Emma Rivera,emma.rivera.885@example.org
374,Dakota Jackson,dakota.jackson.374@example.org
1990,Mia Walker,mia.walker.1990@example.org
35,Emma Rivera,emma.rivera.35@example.org
1541,Amelia Nguyen,amelia.nguyen.1541@example.org
1468,Skyler Clark,skyler.clark.1468@example.org
1952,Jamie Anderson,jamie.anderson.1952@example.org
1395,Henry Thomas,henry.thomas.1395@example.org
100,Alex Miller,alex.miller.100@example.org
1877,River Flores,river.flores.1877@example.org
1985,Emma Rivera,emma.rivera.1985@example.org
1721,Sage Mitchell,sage.mitchell.1721@example.org
1583,Mason Young,mason.young.1583@example.org
195,Henry Thomas,henry.thomas.195@example.org
652,Jamie Anderson,jamie.anderson.652@example.org
1831,Logan Moore,logan.moore.1831@example.org
1159,Morgan Wilson,morgan.wilson.1159@example.org
622,Emerson Brown,emerson.brown.622@example.org
236,Olivia Johnson,olivia.johnson.236@example.org
294,Benjamin Rodriguez,benjamin.rodriguez.294@example.org
1054,Jordan Lewis,jordan.lewis.1054@example.org
621,Sage Mitchell,sage.mitchell.621@example.org
1860,Robin Lee,robin.lee.1860@example.org
1306,Riley Nelson,riley.nelson.1306@example.org
9,Morgan Wilson,morgan.wilson.9@example.org
282,Noah Harris,noah.harris.282@example.org
406,Riley Nelson,riley.nelson.406@example.org
675,Lennon Sanchez,lennon.sanchez.675@example.org
23,Hayden Lopez,hayden.lopez.23@example.org
1734,Liam Hill,liam.hill.1734@example.org
1896,Sebastian Thompson,sebastian.thompson.1896@example.org
589,Isabella White,isabella.white.589@example.org
1625,Lennon Sanchez,lennon.sanchez.1625@example.org
1746,Sebastian Thompson,sebastian.thompson.1746@example.org
1246,Sebastian Thompson,sebastian.thompson.1246@example.org
1766,Harper Gonzalez,harper.gonzalez.1766@example.org
1757,Cameron Roberts,cameron.roberts.1757@example.org
851,Sam Davis,sam.davis.851@example.org
1923,Hayden Lopez,hayden.lopez.1923@example.org
1043,Lucas Smith,lucas.smith.1043@example.org
310,Robin Lee,robin.lee.310@example.org
815,Rowan Jones,rowan.jones.815@example.org
968,Skyler Clark,skyler.clark.968@example.org
1137,Ava Martinez,ava.martinez.1137@example.org
1829,Devin Williams,devin.williams.1829@example.org
1050,Alex Miller,alex.miller.1050@example.org
826,Phoenix Allen,phoenix.allen.826@example.org
1732,Noah Harris,noah.harris.1732@example.org
1070,Finley Green,finley.green.1070@example.org
76,Phoenix Allen,phoenix.allen.76@example.org
1759,Morgan Wilson,morgan.wilson.1759@example.org
560,Robin Lee,robin.lee.560@example.org
694,Benjamin Rodriguez,benjamin.rodriguez.694@example.org
751,Sam Davis,sam.davis.751@example.org
1913,Quinn Adams,quinn.adams.1913@example.org
10,Robin Lee,robin.lee.10@example.org
683,Mason Young,mason.young.683@example.org
1241,Amelia Nguyen,amelia.nguyen.1241@example.org
471,Sage Mitchell,sage.mitchell.471@example.org
1912,Avery Wright,avery.wright.1912@example.org
654,Jordan Lewis,jordan.lewis.654@example.org
863,Quinn Adams,quinn.adams.863@example.org
238,Sophia Taylor,sophia.taylor.238@example.org
1895,Henry Thomas,henry.thomas.1895@example.org
598,Daniel Torres,daniel.torres.598@example.org
1666,Harper Gonzalez,harper.gonzalez.1666@example.org
247,Jack Robinson,jack.robinson.247@example.org
700,Alex Miller,alex.miller.700@example.org
635,Emma Rivera,emma.rivera.635@example.org
1129,Devin Williams,devin.williams.1129@example.org
625,Lennon Sanchez,lennon.sanchez.625@example.org
81,Logan Moore,logan.moore.81@example.org
950,Alex Miller,alex.miller.950@example.org
1055,Casey Scott,casey.scott.1055@example.org
185,Emma Rivera,emma.rivera.185@example.org
1169,Parker King,parker.king.1169@example.org
1025,Lennon Sanchez,lennon.sanchez.1025@example.org
926,Phoenix Allen,phoenix.allen.926@example.org
1423,Hayden Lopez,hayden.lopez.1423@example.org
251,Sam Davis,sam.davis.251@example.org
1338,Sophia Taylor,sophia.taylor.1338@example.org
442,Ethan Hall,ethan.hall.442@example.org
384,Liam Hill,liam.hill.384@example.org
1085,Emma Rivera,emma.rivera.1085@example.org
301,Sam Davis,sam.davis.301@example.org
58,Drew Garcia,drew.garcia.58@example.org
1466,Harper Gonzalez,harper.gonzalez.1466@example.org
48,Daniel Torres,daniel.torres.48@example.org
1908,Drew Garcia,drew.garcia.1908@example.org
307,Cameron Roberts,cameron.roberts.307@example.org
1726,Phoenix Allen,phoenix.allen.1726@example.org
171,Sage Mitchell,sage.mitchell.171@example.org
455,Casey Scott,casey.scott.455@example.org
1415,Rowan Jones,rowan.jones.1415@example.org
1285,Emma Rivera,emma.rivera.1285@example.org
649,Leo Baker,leo.baker.649@example.org
101,Sam Davis,sam.davis.101@example.org
445,Henry Thomas,henry.thomas.445@example.org
93,Lucas Smith,lucas.smith.93@example.org
233,Mason Young,mason.young.233@example.org
1897,Jack Robinson,jack.robinson.1897@example.org
701,Sam Davis,sam.davis.701@example.org
1958,Drew Garcia,drew.garcia.1958@example.org
241,Amelia Nguyen,amelia.nguyen.241@example.org
71,Sage Mitchell,sage.mitchell.71@example.org
633,Mason Young,mason.young.633@example.org
37,Ava Martinez,ava.martinez.37@example.org
1214,Elliot Carter,elliot.carter.1214@example.org
1146,Sebastian Thompson,sebastian.thompson.1146@example.org
1946,Sebastian Thompson,sebastian.thompson.1946@example.org
642,Ethan Hall,ethan.hall.642@example.org
325,Lennon Sanchez,lennon.sanchez.325@example.org
1883,Mason Young,mason.young.1883@example.org
1457,Cameron Roberts,cameron.roberts.1457@example.org
1216,Harper Gonzalez,harper.gonzalez.1216@example.org
337,Ava Martinez,ava.martinez.337@example.org
1503,Taylor Perez,taylor.perez.1503@example.org
1140,Mia Walker,mia.walker.1140@example.org
1345,Henry Thomas,henry.thomas.1345@example.org
710,Robin Lee,robin.lee.710@example.org
1615,Rowan Jones,rowan.jones.1615@example.org
347,Jack Robinson,jack.robinson.347@example.org
1552,Jamie Anderson,jamie.anderson.1552@example.org
1289,Isabella White,isabella.white.1289@example.org
77,River Flores,river.flores.77@example.org
1291,Amelia Nguyen,amelia.nguyen.1291@example.org
1226,Phoenix Allen,phoenix.allen.1226@example.org
420,Finley Green,finley.green.420@example.org
148,Daniel Torres,daniel.torres.148@example.org
1086,Olivia Johnson,olivia.johnson.1086@example.org
16,Harper Gonzalez,harper.gonzalez.16@example.org
848,Daniel Torres,daniel.torres.848@example.org
1847,Jack Robinson,jack.robinson.1847@example.org
786,Olivia Johnson,olivia.johnson.786@example.org
451,Sam Davis,sam.davis.451@example.org
1229,Devin Williams,devin.williams.1229@example.org
340,Mia Walker,mia.walker.340@example.org
605,Casey Scott,casey.scott.605@example.org
1199,Leo Baker,leo.baker.1199@example.org
130,Kendall Hernandez,kendall.hernandez.130@example.org
917,Reese Martin,reese.martin.917@example.org
1863,Quinn Adams,quinn.adams.1863@example.org
1182,Noah Harris,noah.harris.1182@example.org
1020,Finley Green,finley.green.1020@example.org
680,Kendall Hernandez,kendall.hernandez.680@example.org
1543,Lucas Smith,lucas.smith.1543@example.org
391,Amelia Nguyen,amelia.nguyen.391@example.org
854,Jordan Lewis,jordan.lewis.854@example.org
1806,Riley Nelson,riley.nelson.1806@example.org
763,Quinn Adams,quinn.adams.763@example.org
1303,Taylor Perez,taylor.perez.1303@example.org
45,Henry Thomas,henry.thomas.45@example.org
421,Sage Mitchell,sage.mitchell.421@example.org
795,Henry Thomas,henry.thomas.795@example.org
1021,Sage Mitchell,sage.mitchell.1021@example.org
1398,Daniel Torres,daniel.torres.1398@example.org
1335,Emma Rivera,emma.rivera.1335@example.org
1098,Daniel Torres,daniel.torres.1098@example.org
1551,Sam Davis,sam.davis.1551@example.org
1686,Olivia Johnson,olivia.johnson.1686@example.org
330,Kendall Hernandez,kendall.hernandez.330@example.org
1445,Henry Thomas,henry.thomas.1445@example.org
387,Ava Martinez,ava.martinez.387@example.org
1929,Devin Williams,devin.williams.1929@example.org
1312,Avery Wright,avery.wright.1312@example.org
869,Parker King,parker.king.869@example.org
1644,Benjamin Rodriguez,benjamin.rodriguez.1644@example.org
354,Jordan Lewis,jordan.lewis.354@example.org
496,Sebastian Thompson,sebastian.thompson.496@example.org
552,Jamie Anderson,jamie.anderson.552@example.org
1994,Benjamin Rodriguez,benjamin.rodriguez.1994@example.org
1005,Casey Scott,casey.scott.1005@example.org
1365,Rowan Jones,rowan.jones.1365@example.org
676,Phoenix Allen,phoenix.allen.676@example.org
594,Benjamin Rodriguez,benjamin.rodriguez.594@example.org
960,Robin Lee,robin.lee.960@example.org
1057,Cameron Roberts,cameron.roberts.1057@example.org
1767,Reese Martin,reese.martin.1767@example.org
290,Mia Walker,mia.walker.290@example.org
3,Taylor Perez,taylor.perez.3@example.org
887,Ava Martinez,ava.martinez.887@example.org
520,Finley Green,finley.green.520@example.org
1018,Skyler Clark,skyler.clark.1018@example.org
349,Leo Baker,leo.baker.349@example.org
425,Lennon Sanchez,lennon.sanchez.425@example.org
809,Morgan Wilson,morgan.wilson.809@example.org
910,Robin Lee,robin.lee.910@example.org
283,Mason Young,mason.young.283@example.org
72,Emerson Brown,emerson.brown.72@example.org
1596,Sebastian Thompson,sebastian.thompson.1596@example.org
1729,Devin Williams,devin.williams.1729@example.org
521,Sage Mitchell,sage.mitchell.521@example.org
1535,Emma Rivera,emma.rivera.1535@example.org
196,Sebastian Thompson,sebastian.thompson.196@example.org
1096,Sebastian Thompson,sebastian.thompson.1096@example.org
1563,Quinn Adams,quinn.adams.1563@example.org
1325,Lennon Sanchez,lennon.sanchez.1325@example.org
468,Skyler Clark,skyler.clark.468@example.org
250,Alex Miller,alex.miller.250@example.org
484,Liam Hill,liam.hill.484@example.org
1127,River Flores,river.flores.1127@example.org
1042,Ethan Hall,ethan.hall.1042@example.org
280,Kendall Hernandez,kendall.hernandez.280@example.org
723,Hayden Lopez,hayden.lopez.723@example.org
1409,Morgan Wilson,morgan.wilson.1409@example.org
299,Leo Baker,leo.baker.299@example.org
734,Liam Hill,liam.hill.734@example.org
1153,Taylor Perez,taylor.perez.1153@example.org
158,Drew Garcia,drew.garcia.158@example.org
1052,Jamie Anderson,jamie.anderson.1052@example.org
1076,Phoenix Allen,phoenix.allen.1076@example.org
1638,Sophia Taylor,sophia.taylor.1638@example.org
1556,Riley Nelson,riley.nelson.1556@example.org
1602,Jamie Anderson,jamie.anderson.1602@example.org
1381,Logan Moore,logan.moore.1381@example.org
1007,Cameron Roberts,cameron.roberts.1007@example.org
96,Sebastian Thompson,sebastian.thompson.96@example.org
418,Skyler Clark,skyler.clark.418@example.org
1486,Olivia Johnson,olivia.johnson.1486@example.org
1714,Elliot Carter,elliot.carter.1714@example.org
565,Rowan Jones,rowan.jones.565@example.org
1850,Alex Miller,alex.miller.1850@example.org
163,Quinn Adams,quinn.adams.163@example.org
1384,Liam Hill,liam.hill.1384@example.org
1592,Ethan Hall,ethan.hall.1592@example.org
1330,Kendall Hernandez,kendall.hernandez.1330@example.org
624,Dakota Jackson,dakota.jackson.624@example.org
646,Sebastian Thompson,sebastian.thompson.646@example.org
30,Kendall Hernandez,kendall.hernandez.30@example.org
1612,Avery Wright,avery.wright.1612@example.org
497,Jack Robinson,jack.robinson.497@example.org
716,Harper Gonzalez,harper.gonzalez.716@example.org
1262,Avery Wright,avery.wright.1262@example.org
295,Henry Thomas,henry.thomas.295@example.org
135,Emma Rivera,emma.rivera.135@example.org
1711,Charlie Ramirez,charlie.ramirez.1711@example.org
1315,Rowan Jones,rowan.jones.1315@example.org
1189,Isabella White,isabella.white.1189@example.org
1367,Reese Martin,reese.martin.1367@example.org
1662,Avery Wright,avery.wright.1662@example.org
1231,Logan Moore,logan.moore.1231@example.org
1016,Harper Gonzalez,harper.gonzalez.1016@example.org
1318,Skyler Clark,skyler.clark.1318@example.org
951,Sam Davis,sam.davis.951@example.org
1191,Amelia Nguyen,amelia.nguyen.1191@example.org
371,Sage Mitchell,sage.mitchell.371@example.org
1510,Robin Lee,robin.lee.1510@example.org
193,Lucas Smith,lucas.smith.193@example.org
1235,Emma Rivera,emma.rivera.1235@example.org
1351,Sam Davis,sam.davis.1351@example.org
1787,Ava Martinez,ava.martinez.1787@example.org
556,Riley Nelson,riley.nelson.556@example.org
1801,Sam Davis,sam.davis.1801@example.org
674,Dakota Jackson,dakota.jackson.674@example.org
1773,Hayden Lopez,hayden.lopez.1773@example.org
1296,Sebastian Thompson,sebastian.thompson.1296@example.org
527,River Flores,river.flores.527@example.org
886,Olivia Johnson,olivia.johnson.886@example.org
414,Elliot Carter,elliot.carter.414@example.org
792,Ethan Hall,ethan.hall.792@example.org
1762,Avery Wright,avery.wright.1762@example.org
332,Noah Harris,noah.harris.332@example.org
1077,River Flores,river.flores.1077@example.org
1603,Taylor Perez,taylor.perez.1603@example.org
1518,Skyler Clark,skyler.clark.1518@example.org
1774,Dakota Jackson,dakota.jackson.1774@example.org
38,Sophia Taylor,sophia.taylor.38@example.org
1996,Sebastian Thompson,sebastian.thompson.1996@example.org
1910,Robin Lee,robin.lee.1910@example.org
945,Henry Thomas,henry.thomas.945@example.org
411,Charlie Ramirez,charlie.ramirez.411@example.org
1429,Devin Williams,devin.williams.1429@example.org
990,Mia Walker,mia.walker.990@example.org
1785,Emma Rivera,emma.rivera.1785@example.org
711,Charlie Ramirez,charlie.ramirez.711@example.org
422,Emerson Brown,emerson.brown.422@example.org
1637,Ava Martinez,ava.martinez.1637@example.org
1600,Alex Miller,alex.miller.1600@example.org
1046,Sebastian Thompson,sebastian.thompson.1046@example.org
108,Drew Garcia,drew.garcia.108@example.org
1827,River Flores,river.flores.1827@example.org
329,Devin Williams,devin.williams.329@example.org
342,Ethan Hall,ethan.hall.342@example.org
1577,River Flores,river.flores.1577@example.org
1378,Shawn Campbell,shawn.campbell.1378@example.org
949,Leo Baker,leo.baker.949@example.org
982,Noah Harris,noah.harris.982@example.org
504,Jordan Lewis,jordan.lewis.504@example.org
1688,Sophia Taylor,sophia.taylor.1688@example.org
651,Sam Davis,sam.davis.651@example.org
1845,Henry Thomas,henry.thomas.1845@example.org
600,Alex Miller,alex.miller.600@example.org
186,Olivia Johnson,olivia.johnson.186@example.org
285,Emma Rivera,emma.rivera.285@example.org
1792,Ethan Hall,ethan.hall.1792@example.org
453,Taylor Perez,taylor.perez.453@example.org
668,Skyler Clark,skyler.clark.668@example.org
532,Noah Harris,noah.harris.532@example.org
1348,Daniel Torres,daniel.torres.1348@example.org
180,Kendall Hernandez,kendall.hernandez.180@example.org
775,Lennon Sanchez,lennon.sanchez.775@example.org
1821,Sage Mitchell,sage.mitchell.1821@example.org
1719,Parker King,parker.king.1719@example.org
1793,Lucas Smith,lucas.smith.1793@example.org
1611,Charlie Ramirez,charlie.ramirez.1611@example.org
1680,Kendall Hernandez,kendall.hernandez.1680@example.org
1143,Lucas Smith,lucas.smith.1143@example.org
1453,Taylor Perez,taylor.perez.1453@example.org
22,Emerson Brown,emerson.brown.22@example.org
1802,Jamie Anderson,jamie.anderson.1802@example.org
590,Mia Walker,mia.walker.590@example.org
882,Noah Harris,noah.harris.882@example.org
857,Cameron Roberts,cameron.roberts.857@example.org
691,Amelia Nguyen,amelia.nguyen.691@example.org
1487,Ava Martinez,ava.martinez.1487@example.org
1080,Kendall Hernandez,kendall.hernandez.1080@example.org
27,River Flores,river.flores.27@example.org
257,Cameron Roberts,cameron.roberts.257@example.org
619,Parker King,parker.king.619@example.org
1501,Sam Davis,sam.davis.1501@example.org
753,Taylor Perez,taylor.perez.753@example.org
443,Lucas Smith,lucas.smith.443@example.org
911,Charlie Ramirez,charlie.ramirez.911@example.org
1265,Rowan Jones,rowan.jones.1265@example.org
613,Quinn Adams,quinn.adams.613@example.org
1209,Morgan Wilson,morgan.wilson.1209@example.org
1674,Dakota Jackson,dakota.jackson.1674@example.org
1851,Sam Davis,sam.davis.1851@example.org
1885,Emma Rivera,emma.rivera.1885@example.org
513,Quinn Adams,quinn.adams.513@example.org
279,Devin Williams,devin.williams.279@example.org
966,Harper Gonzalez,harper.gonzalez.966@example.org
413,Quinn Adams,quinn.adams.413@example.org
1212,Avery Wright,avery.wright.1212@example.org
312,Avery Wright,avery.wright.312@example.org
706,Riley Nelson,riley.nelson.706@example.org
480,Kendall Hernandez,kendall.hernandez.480@example.org
1270,Finley Green,finley.green.1270@example.org
1251,Sam Davis,sam.davis.1251@example.org
296,Sebastian Thompson,sebastian.thompson.296@example.org
944,Benjamin Rodriguez,benjamin.rodriguez.944@example.org
1073,Hayden Lopez,hayden.lopez.1073@example.org
1464,Elliot Carter,elliot.carter.1464@example.org
767,Reese Martin,reese.martin.767@example.org
610,Robin Lee,robin.lee.610@example.org
315,Rowan Jones,rowan.jones.315@example.org
812,Avery Wright,avery.wright.812@example.org
170,Finley Green,finley.green.170@example.org
1982,Noah Harris,noah.harris.1982@example.org
1489,Isabella White,isabella.white.1489@example.org
