pid,name
796,Sebastian Thompson
1469,Parker King
479,Devin Williams
808,Drew Garcia
1506,Riley Nelson
1280,Kendall Hernandez
1144,Benjamin Rodriguez
1433,Mason Young
84,Liam Hill
1957,Cameron Roberts
1582,Noah Harris
1327,River Flores
1024,Dakota Jackson
897,Jack Robinson
771,Sage Mitchell
1148,Daniel Torres
1835,Emma Rivera
1906,Riley Nelson
1066,Harper Gonzalez
1459,Morgan Wilson
998,Daniel Torres
793,Lucas Smith
770,Finley Green
1258,Drew Garcia
353,Taylor Perez
267,Reese Martin
1683,Mason Young
43,Lucas Smith
529,Devin Williams
98,Daniel Torres
1072,Emerson Brown
1868,Skyler Clark
1014,Elliot Carter
1412,Avery Wright
1565,Rowan Jones
831,Logan Moore
839,Isabella White
1124,Dakota Jackson
702,Jamie Anderson
343,Lucas Smith
1673,Hayden Lopez
1797,Jack Robinson
803,Taylor Perez
828,Shawn Campbell
1294,Benjamin Rodriguez
1669,Parker King
1620,Finley Green
1716,Harper Gonzalez
1676,Phoenix Allen
1893,Lucas Smith
138,Sophia Taylor
216,Harper Gonzalez
1161,Charlie Ramirez
28,Shawn Campbell
277,River Flores
1622,Emerson Brown
1926,Phoenix Allen
1988,Sophia Taylor
1390,Mia Walker
423,Hayden Lopez
265,Rowan Jones
173,Hayden Lopez
316,Harper Gonzalez
732,Noah Harris
254,Jordan Lewis
965,Rowan Jones
400,Alex Miller
1798,Daniel Torres
1232,Noah Harris
252,Jamie Anderson
355,Casey Scott
1960,Robin Lee
1886,Olivia Johnson
875,Lennon Sanchez
1804,Jordan Lewis
1067,Reese Martin
1354,Jordan Lewis
1247,Jack Robinson
1524,Dakota Jackson
856,Riley Nelson
1938,Sophia Taylor
184,Liam Hill
61,Charlie Ramirez
574,Dakota Jackson
92,Ethan Hall
69,Parker King
739,Isabella White
988,Sophia Taylor
768,Skyler Clark
1750,Alex Miller
1813,Quinn Adams
1360,Robin Lee
1225,Lennon Sanchez
133,Mason Young
1250,Alex Miller
1033,Mason Young
927,River Flores
1172,Emerson Brown
1685,Emma Rivera
123,Hayden Lopez
1751,Sam Davis
528,Shawn Campbell
1601,Sam Davis
1115,Rowan Jones
1002,Jamie Anderson
197,Jack Robinson
1407,Cameron Roberts
1915,Rowan Jones
1332,Noah Harris
464,Elliot Carter
1184,Liam Hill
402,Jamie Anderson
1364,Elliot Carter
68,Skyler Clark
1678,Shawn Campbell
369,Parker King
1943,Lucas Smith
70,Finley Green
820,Finley Green
1164,Elliot Carter
1377,River Flores
1581,Logan Moore
592,Ethan Hall
1032,Noah Harris
427,River Flores
1420,Finley Green
709,Morgan Wilson
760,Robin Lee
1905,Casey Scott
788,Sophia Taylor
188,Sophia Taylor
548,Daniel Torres
1624,Dakota Jackson
972,Emerson Brown
1276,Phoenix Allen
1635,Emma Rivera
1292,Ethan Hall
1038,Sophia Taylor
1546,Sebastian Thompson
1950,Alex Miller
1496,Sebastian Thompson
33,Mason Young
1259,Morgan Wilson
1833,Mason Young
1931,Logan Moore
292,Ethan Hall
1880,Kendall Hernandez
1240,Mia Walker
1480,Kendall Hernandez
298,Daniel Torres
1333,Mason Young
1224,Dakota Jackson
731,Logan Moore
1932,Noah Harris
653,Taylor Perez
519,Parker King
1101,Sam Davis
1549,Leo Baker
1234,Liam Hill
1626,Phoenix Allen
1476,Phoenix Allen
25,Lennon Sanchez
1176,Phoenix Allen
536,Olivia Johnson
1696,Sebastian Thompson
1803,Taylor Perez
1809,Morgan Wilson
1978,Shawn Campbell
1110,Robin Lee
801,Sam Davis
1504,Jordan Lewis
1659,Morgan Wilson
1628,Shawn Campbell
1689,Isabella White
1580,Kendall Hernandez
157,Cameron Roberts
546,Sebastian Thompson
1516,Harper Gonzalez
266,Harper Gonzalez
1884,Liam Hill
1208,Drew Garcia
1652,Jamie Anderson
956,Riley Nelson
1369,Parker King
1911,Charlie Ramirez
305,Casey Scott
183,Mason Young
289,Isabella White
359,Morgan Wilson
200,Alex Miller
462,Avery Wright
1064,Elliot Carter
814,Elliot Carter
122,Emerson Brown
1045,Henry Thomas
713,Quinn Adams
1966,Harper Gonzalez
579,Devin Williams
714,Elliot Carter
1967,Reese Martin
362,Avery Wright
1287,Ava Martinez
1171,Sage Mitchell
909,Morgan Wilson
459,Morgan Wilson
99,Leo Baker
1435,Emma Rivera
1639,Isabella White
737,Ava Martinez
1502,Jamie Anderson
1295,Henry Thomas
1737,Ava Martinez
843,Lucas Smith
345,Henry Thomas
1342,Ethan Hall
1882,Noah Harris
719,Parker King
1402,Jamie Anderson
730,Kendall Hernandez
358,Drew Garcia
19,Parker King
1657,Cameron Roberts
1393,Lucas Smith
1634,Liam Hill
672,Emerson Brown
1304,Jordan Lewis
667,Reese Martin
631,Logan Moore
752,Jamie Anderson
275,Lennon Sanchez
637,Ava Martinez
18,Skyler Clark
1560,Robin Lee
487,Ava Martinez
1316,Harper Gonzalez
253,Taylor Perez
1617,Reese Martin
994,Benjamin Rodriguez
364,Elliot Carter
873,Hayden Lopez
1029,Devin Williams
1357,Cameron Roberts
226,Phoenix Allen
1945,Henry Thomas
783,Mason Young
983,Mason Young
297,Jack Robinson
1204,Jordan Lewis
1832,Noah Harris
810,Robin Lee
596,Sebastian Thompson
1539,Isabella White
1537,Ava Martinez
198,Daniel Torres
538,Sophia Taylor
915,Rowan Jones
1431,Logan Moore
1970,Finley Green
1940,Mia Walker
1133,Mason Young
1396,Sebastian Thompson
75,Lennon Sanchez
889,Isabella White
1660,Robin Lee
1475,Lennon Sanchez
1478,Shawn Campbell
1426,Phoenix Allen
595,Henry Thomas
794,Benjamin Rodriguez
1854,Jordan Lewis
1418,Skyler Clark
774,Dakota Jackson
87,Ava Martinez
1163,Quinn Adams
114,Elliot Carter
428,Shawn Campbell
386,Olivia Johnson
397,Jack Robinson
657,Cameron Roberts
1375,Lennon Sanchez
1334,Liam Hill
410,Robin Lee
880,Kendall Hernandez
1976,Phoenix Allen
1481,Logan Moore
46,Sebastian Thompson
1448,Daniel Torres
1344,Benjamin Rodriguez
88,Sophia Taylor
1465,Rowan Jones
11,Charlie Ramirez
1490,Mia Walker
429,Devin Williams
1307,Cameron Roberts
214,Elliot Carter
208,Drew Garcia
877,River Flores
403,Taylor Perez
1022,Emerson Brown
1062,Avery Wright
1215,Rowan Jones
1387,Ava Martinez
1641,Amelia Nguyen
1667,Reese Martin
561,Charlie Ramirez
1951,Sam Davis
1488,Sophia Taylor
587,Ava Martinez
581,Logan Moore
545,Henry Thomas
1646,Sebastian Thompson
1003,Taylor Perez
816,Harper Gonzalez
440,Mia Walker
90,Mia Walker
350,Alex Miller
255,Casey Scott
1456,Riley Nelson
1138,Sophia Taylor
1217,Reese Martin
764,Elliot Carter
576,Phoenix Allen
758,Drew Garcia
1997,Jack Robinson
1493,Lucas Smith
1512,Avery Wright
383,Mason Young
1083,Mason Young
696,Sebastian Thompson
1836,Olivia Johnson
1744,Benjamin Rodriguez
1927,River Flores
1257,Cameron Roberts
270,Finley Green
627,River Flores
1485,Emma Rivera
1125,Lennon Sanchez
1428,Shawn Campbell
1717,Reese Martin
177,River Flores
1298,Daniel Torres
1749,Leo Baker
526,Phoenix Allen
1682,Noah Harris
524,Dakota Jackson
1892,Ethan Hall
1058,Drew Garcia
1856,Riley Nelson
1743,Lucas Smith
1389,Isabella White
855,Casey Scott
388,Sophia Taylor
978,Shawn Campbell
954,Jordan Lewis
1782,Noah Harris
656,Riley Nelson
1425,Lennon Sanchez
1953,Taylor Perez
1629,Devin Williams
1980,Kendall Hernandez
1695,Henry Thomas
291,Amelia Nguyen
663,Quinn Adams
1902,Jamie Anderson
1511,Charlie Ramirez
722,Emerson Brown
724,Dakota Jackson
961,Charlie Ramirez
215,Rowan Jones
1545,Henry Thomas
1175,Lennon Sanchez
523,Hayden Lopez
478,Shawn Campbell
1796,Sebastian Thompson
1411,Charlie Ramirez
1859,Morgan Wilson
1120,Finley Green
1862,Avery Wright
401,Sam Davis
1116,Harper Gonzalez
1675,Lennon Sanchez
1619,Parker King
1406,Riley Nelson
921,Sage Mitchell
1621,Sage Mitchell
1505,Casey Scott
611,Charlie Ramirez
840,Mia Walker
745,Henry Thomas
1353,Taylor Perez
137,Ava Martinez
1515,Rowan Jones
415,Rowan Jones
938,Sophia Taylor
1962,Avery Wright
1852,Jamie Anderson
1017,Reese Martin
346,Sebastian Thompson
1756,Riley Nelson
1109,Morgan Wilson
806,Riley Nelson
1520,Finley Green
1529,Devin Williams
116,Harper Gonzalez
1223,Hayden Lopez
1455,Casey Scott
1567,Reese Martin
936,Olivia Johnson
189,Isabella White
1278,Shawn Campbell
1173,Hayden Lopez
899,Leo Baker
1875,Lennon Sanchez
984,Liam Hill
1916,Harper Gonzalez
1452,Jamie Anderson
109,Morgan Wilson
1082,Noah Harris
1031,Logan Moore
1228,Shawn Campbell
181,Logan Moore
160,Robin Lee
308,Drew Garcia
1419,Parker King
1788,Sophia Taylor
1027,River Flores
1165,Rowan Jones
385,Emma Rivera
1444,Benjamin Rodriguez
182,Noah Harris
902,Jamie Anderson
1588,Sophia Taylor
1194,Benjamin Rodriguez
895,Henry Thomas
1010,Robin Lee
1661,Charlie Ramirez
735,Emma Rivera
1648,Daniel Torres
1155,Casey Scott
1028,Shawn Campbell
416,Harper Gonzalez
1308,Drew Garcia
379,Devin Williams
382,Noah Harris
50,Alex Miller
658,Drew Garcia
738,Sophia Taylor
1720,Finley Green
971,Sage Mitchell
1760,Robin Lee
1925,Lennon Sanchez
686,Olivia Johnson
352,Jamie Anderson
1422,Emerson Brown
1349,Leo Baker
1823,Hayden Lopez
1440,Mia Walker
1414,Elliot Carter
1326,Phoenix Allen
161,Charlie Ramirez
1922,Emerson Brown
1879,Devin Williams
1370,Finley Green
1753,Taylor Perez
1203,Taylor Perez
900,Alex Miller
1919,Parker King
212,Avery Wright
1718,Skyler Clark
577,River Flores
629,Devin Williams
486,Olivia Johnson
980,Kendall Hernandez
1095,Henry Thomas
370,Finley Green
1093,Lucas Smith
1012,Avery Wright
989,Isabella White
1904,Jordan Lewis
1618,Skyler Clark
640,Mia Walker
1319,Parker King
360,Robin Lee
1848,Daniel Torres
1439,Isabella White
221,Sage Mitchell
1015,Rowan Jones
913,Quinn Adams
750,Alex Miller
1557,Cameron Roberts
534,Liam Hill
1593,Lucas Smith
1460,Robin Lee
1391,Amelia Nguyen
858,Drew Garcia
281,Logan Moore
300,Alex Miller
762,Avery Wright
320,Finley Green
1151,Sam Davis
