id,name,address
1,Nancy Thompson,"1088 Chestnut Pl, New York, NY"
2,Susan Baker,"7553 Oak Blvd, Philadelphia, PA"
3,Andrew Clark,"8979 Oak Ln, San Antonio, TX"
4,Michelle Lewis,"5436 Sycamore Dr, Dallas, TX"
5,Karen Wilson,"3086 Sunset Blvd, Los Angeles, CA"
6,Thomas Torres,"2738 Sunset Ln, Los Angeles, CA"
7,David Thompson,"744 Spruce Ct, San Antonio, TX"
8,William Adams,"9037 Maple Ave, New York, NY"
9,Carol Moore,"5194 Oak Ave, Los Angeles, CA"
10,Karen Mitchell,"35 Cedar Rd, Philadelphia, PA"
11,Patricia Scott,"1298 Park St, Houston, TX"
12,Carol Moore,"2647 Walnut Rd, San Jose, CA"
13,Kevin Sanchez,"4173 Hill Ct, Los Angeles, CA"
14,Barbara Hernandez,"7410 Center Rd, Chicago, IL"
15,Christopher Hall,"9420 Sunset Dr, Chicago, IL"
16,Charles Perez,"215 Lake Ct, Phoenix, AZ"
17,William Taylor,"7431 Maple Ave, Phoenix, AZ"
18,Amanda Green,"6020 Sunset Blvd, Houston, TX"
19,Andrew Hall,"3044 Highland Ln, San Diego, CA"
20,Margaret Allen,"9313 Washington St, Los Angeles, CA"
21,Emily Adams,"2711 Spruce Ave, Chicago, IL"
22,Karen Harris,"4255 Highland Ave, Chicago, IL"
23,Deborah Wright,"27 Oak Pl, Chicago, IL"
24,James Hill,"9952 Chestnut St, San Antonio, TX"
25,Carol Thomas,"5213 Park Ave, San Jose, CA"
26,Robert Jones,"3494 Walnut Ln, Houston, TX"
27,Linda Lewis,"5740 Oak Blvd, Houston, TX"
28,Jessica Young,"28 Sycamore Pl, Dallas, TX"
29,Matthew Brown,"7663 River Dr, San Diego, CA"
30,Daniel Scott,"6026 Chestnut Blvd, Houston, TX"
31,Sandra Garcia,"582 Walnut Blvd, Los Angeles, CA"
32,Christopher Anderson,"407 Hill Dr, New York, NY"
33,Richard Lopez,"9428 Main Ct, San Antonio, TX"
34,Sarah Lewis,"3127 Sunset Ave, Houston, TX"
35,Robert Miller,"9746 Park Ave, San Antonio, TX"
36,Paul Anderson,"8838 Sycamore Rd, Phoenix, AZ"
37,David Martinez,"3236 Center Ct, Los Angeles, CA"
38,Lisa Martin,"9716 Lake St, San Jose, CA"
39,Mary Wilson,"4043 River Ave, Los Angeles, CA"
40,Daniel Harris,"6213 Main Dr, San Antonio, TX"
41,Ashley Garcia,"5016 Lake Ct, San Antonio, TX"
42,Amanda Gonzalez,"4940 Main Ave, Philadelphia, PA"
43,David Lopez,"3483 Birch Blvd, Chicago, IL"
44,Christopher Baker,"8381 Lake Rd, Philadelphia, PA"
45,Brian Lopez,"9309 Sycamore Pl, Houston, TX"
46,Amanda Taylor,"5822 Sycamore Ct, San Diego, CA"
47,Sandra Lee,"3625 Spruce Dr, Philadelphia, PA"
48,Barbara Davis,"3 Sycamore Pl, San Antonio, TX"
49,Charles Smith,"1448 Center Rd, Chicago, IL"
50,Richard Hall,"4603 Pine Ln, New York, NY"
51,Elizabeth Martin,"8242 Sunset Pl, Houston, TX"
52,James Lewis,"1754 Main St, San Antonio, TX"
53,Richard Martinez,"3106 Walnut St, Phoenix, AZ"
54,Andrew Davis,"271 Sunset Ave, Philadelphia, PA"
55,William Harris,"3294 Sycamore Ct, San Antonio, TX"
56,Karen Hernandez,"1215 Chestnut Blvd, Chicago, IL"
57,Betty Taylor,"3322 Main Rd, San Antonio, TX"
58,Ashley Clark,"7103 Birch Pl, San Diego, CA"
59,Joshua Martin,"3047 Highland Pl, San Antonio, TX"
60,Kenneth Allen,"79 Center Dr, Los Angeles, CA"
61,Kevin Anderson,"2173 Lake Dr, San Diego, CA"
62,Michelle Scott,"1551 Spruce Blvd, San Diego, CA"
63,James Hernandez,"1977 Center Pl, San Jose, CA"
64,Andrew Harris,"9879 Pine Rd, Phoenix, AZ"
65,Michelle Miller,"1960 Spruce Ln, Phoenix, AZ"
66,Melissa Robinson,"2019 Park Ct, San Antonio, TX"
67,Melissa Williams,"9555 Lake Rd, Philadelphia, PA"
68,Kevin Martinez,"6861 Highland St, Dallas, TX"
69,Barbara Hernandez,"9279 Birch Pl, Philadelphia, PA"
70,Amanda Sanchez,"1387 Pine Rd, New York, NY"
71,Andrew Harris,"6040 Highland Ave, San Jose, CA"
72,David Flores,"5528 Lake Blvd, San Diego, CA"
73,Kimberly Hill,"710 Oak Ln, San Antonio, TX"
74,Andrew Smith,"3647 Lake St, Phoenix, AZ"
75,Melissa Mitchell,"1284 Walnut Ave, Chicago, IL"
76,Patricia Rodriguez,"402 Walnut Dr, Chicago, IL"
77,Joseph King,"1596 Park Ln, Chicago, IL"
78,Donna Green,"7614 Elm St, Chicago, IL"
79,Elizabeth Gonzalez,"3974 Oak Dr, Philadelphia, PA"
80,Melissa Scott,"3676 Elm Dr, San Jose, CA"
81,Steven Flores,"1730 Park Ave, Los Angeles, CA"
82,Jessica Green,"7694 Sycamore Pl, Houston, TX"
83,Steven Nelson,"7193 Chestnut Blvd, Dallas, TX"
84,Sandra Harris,"4029 Chestnut Blvd, San Antonio, TX"
85,James Green,"2988 Spruce Rd, Chicago, IL"
86,Donna Harris,"1705 Center Ln, Phoenix, AZ"
87,Thomas Baker,"5552 Sunset Ct, San Diego, CA"
88,Sarah Gonzalez,"2544 Maple Ct, New York, NY"
89,Matthew King,"9128 Pine Rd, Phoenix, AZ"
90,Andrew Flores,"2314 Cedar Pl, New York, NY"
91,Barbara Nguyen,"1032 Birch Ave, Houston, TX"
92,James Smith,"3894 Birch Rd, Houston, TX"
93,Donna Davis,"9490 River Ave, Dallas, TX"
94,Linda Jones,"4083 Chestnut Ct, Houston, TX"
95,Mary Green,"7448 Main St, Phoenix, AZ"
96,Andrew Perez,"4635 Oak Rd, Houston, TX"
97,David Lewis,"9346 Cedar Blvd, Dallas, TX"
98,Dorothy Smith,"4321 Elm Rd, Los Angeles, CA"
99,Anthony Garcia,"6693 Highland Dr, Chicago, IL"
100,Sarah Brown,"1879 Birch Ln, San Antonio, TX"
101,Joseph Rodriguez,"3209 Hill Ave, San Diego, CA"
102,James Mitchell,"4822 Main Pl, Los Angeles, CA"
103,John Thomas,"2601 Walnut Ct, Chicago, IL"
104,Anthony Campbell,"2002 Main Rd, Philadelphia, PA"
105,William White,"8625 Spruce Dr, Philadelphia, PA"
106,Jennifer Ramirez,"8079 Hill Ln, Dallas, TX"
107,Robert Davis,"4556 Center Rd, San Antonio, TX"
108,Anthony Allen,"1744 Sunset Pl, Houston, TX"
109,David Baker,"1647 Sycamore St, New York, NY"
110,Barbara Hill,"8543 Cedar Ln, Philadelphia, PA"
111,Carol Davis,"8613 Cedar Ln, Los Angeles, CA"
112,Linda Brown,"6292 Cedar Rd, New York, NY"
113,William Gonzalez,"5536 Park Dr, San Jose, CA"
114,Betty Allen,"1596 Washington St, Phoenix, AZ"
115,Patricia Wright,"3971 Cedar Blvd, Philadelphia, PA"
116,Margaret Anderson,"8114 Pine Ct, San Antonio, TX"
117,Betty Brown,"1558 Elm Pl, San Antonio, TX"
118,Emily Nguyen,"8662 Washington Pl, Dallas, TX"
119,Emily Moore,"1469 Chestnut Pl, Dallas, TX"
120,Robert Flores,"5033 Lake Dr, San Diego, CA"
121,Joshua Lewis,"1454 Oak Ln, New York, NY"
122,Dorothy Mitchell,"3811 Sunset Pl, New York, NY"
123,George Scott,"8474 Maple Blvd, Chicago, IL"
124,Michael Wilson,"4884 Cedar Ave, Dallas, TX"
125,Barbara Martin,"3835 Pine Rd, New York, NY"
126,Sarah Jackson,"9292 River Ct, San Diego, CA"
127,Steven Green,"2404 Aspen Rd, Philadelphia, PA"
128,Andrew Clark,"9497 Hill Rd, New York, NY"
129,Edward Johnson,"6878 Pine Pl, Dallas, TX"
130,Brian Campbell,"4043 Sycamore Dr, Phoenix, AZ"
131,Lisa Smith,"1704 Oak Rd, San Jose, CA"
132,Lisa Garcia,"718 Pine Dr, Houston, TX"
133,Mary Lewis,"1156 Highland Ct, San Diego, CA"
134,James Harris,"6586 Cedar Ct, Dallas, TX"
135,Brian Moore,"8823 Center Rd, Chicago, IL"
136,Dorothy Johnson,"2073 Sycamore Pl, Dallas, TX"
137,Karen King,"8759 Pine Ave, San Antonio, TX"
138,Andrew Sanchez,"3709 Sycamore Blvd, Phoenix, AZ"
139,Thomas Taylor,"6061 Oak Ln, San Diego, CA"
140,Elizabeth Martin,"2804 Walnut Pl, Los Angeles, CA"
141,Joseph Torres,"6615 Center Dr, Chicago, IL"
142,Mary Rivera,"6688 Aspen Ave, New York, NY"
143,Joshua Moore,"1795 Aspen Rd, San Diego, CA"
144,Melissa Hall,"1119 Washington Dr, San Jose, CA"
145,Mary Jones,"6396 Chestnut St, San Antonio, TX"
146,Kimberly Harris,"2199 Hill Pl, Los Angeles, CA"
147,Kevin Wright,"5666 Park Dr, Dallas, TX"
148,Thomas Campbell,"7888 Oak Rd, New York, NY"
149,Deborah White,"2604 Chestnut Ave, San Antonio, TX"
150,Christopher Harris,"4560 Park Ct, Los Angeles, CA"
151,Carol Ramirez,"6386 Main Ct, San Antonio, TX"
152,Sandra Miller,"1838 Main Pl, Los Angeles, CA"
153,Linda Rodriguez,"295 Oak Pl, Los Angeles, CA"
154,Kimberly Hall,"8626 Maple Ln, San Jose, CA"
155,Richard White,"8037 Aspen Ct, San Jose, CA"
156,Barbara Clark,"5556 Washington Ln, Chicago, IL"
157,Daniel Robinson,"5726 Center Ave, New York, NY"
158,Amanda Rivera,"5689 Hill Dr, San Jose, CA"
159,George Allen,"8450 Sunset St, San Antonio, TX"
160,Robert Allen,"165 Center Dr, Phoenix, AZ"
161,Susan Moore,"9711 Elm Blvd, San Jose, CA"
162,Joshua Young,"3554 Spruce Ln, Chicago, IL"
163,Linda Hall,"3940 Maple Ave, Houston, TX"
164,Donna Wright,"158 Aspen Dr, San Jose, CA"
165,James Moore,"4052 Maple St, San Diego, CA"
166,Anthony Thompson,"9294 Spruce Rd, New York, NY"
167,Michael Martin,"7089 Oak Ln, Philadelphia, PA"
168,Melissa Smith,"7375 Elm Ln, Dallas, TX"
169,Ashley Williams,"5324 Sycamore St, San Jose, CA"
170,Patricia Martinez,"4444 Chestnut St, San Antonio, TX"
171,Richard Sanchez,"9747 Sycamore Ave, San Jose, CA"
172,Linda King,"4370 Lake Ct, Dallas, TX"
173,Edward Wright,"2181 Lake Ct, San Antonio, TX"
174,Donna Clark,"3177 Pine Ct, San Antonio, TX"
175,Donald Nelson,"7462 Walnut Ave, San Diego, CA"
176,Christopher Lopez,"9348 Sycamore Ct, Phoenix, AZ"
177,Carol Lopez,"5858 Highland Ave, Phoenix, AZ"
178,Amanda Wright,"8846 Sycamore Pl, Dallas, TX"
179,Brian Garcia,"2266 Sunset Ave, Phoenix, AZ"
180,Christopher Hernandez,"581 Chestnut Pl, Philadelphia, PA"
181,John Wright,"5538 Walnut Ln, New York, NY"
182,Christopher Ramirez,"4839 Washington Rd, Dallas, TX"
183,Jennifer Wright,"7241 Spruce Ct, Dallas, TX"
184,Donna Rivera,"1662 Park St, Houston, TX"
185,Andrew Davis,"8611 Aspen Dr, San Diego, CA"
186,Patricia Lewis,"4896 Sunset Ave, Chicago, IL"
187,Mary Miller,"8814 Hill Rd, Phoenix, AZ"
188,Susan Scott,"5090 Washington Ave, New York, NY"
189,Charles Harris,"7779 Washington Rd, Dallas, TX"
190,Margaret Baker,"7210 Lake Ln, Chicago, IL"
191,Susan Clark,"3724 Washington Pl, Houston, TX"
192,Patricia Allen,"3964 Aspen St, Phoenix, AZ"
193,Christopher Jackson,"8193 River Ct, Phoenix, AZ"
194,Jessica Lopez,"9730 Pine St, Philadelphia, PA"
195,Charles Hill,"1667 Highland Ct, San Diego, CA"
196,Sandra Rivera,"7738 Lake St, San Jose, CA"
197,James Torres,"9358 Sycamore Ave, San Jose, CA"
198,Dorothy Green,"6502 Birch Rd, San Diego, CA"
199,Anthony Jones,"9777 Chestnut St, San Jose, CA"
200,Lisa Davis,"3529 Pine St, Philadelphia, PA"
201,Betty Campbell,"7905 Washington Ln, San Antonio, TX"
202,William Jones,"2335 Oak St, Dallas, TX"
203,Mary Thompson,"6122 Chestnut Ln, New York, NY"
204,Mary Brown,"4493 Sunset Rd, Los Angeles, CA"
205,Daniel Ramirez,"677 Highland Dr, Philadelphia, PA"
206,Brian Lewis,"6111 Washington Pl, San Antonio, TX"
207,Elizabeth Lopez,"1862 Maple Blvd, San Diego, CA"
208,Christopher Wright,"9198 Aspen Blvd, Houston, TX"
209,Andrew Hall,"3177 Maple Ln, San Diego, CA"
210,Mary Davis,"6430 Hill Pl, New York, NY"
211,Joshua Robinson,"3548 Washington St, Chicago, IL"
212,Brian Moore,"2307 Birch Dr, Houston, TX"
213,Dorothy Robinson,"6889 Walnut Ln, San Diego, CA"
214,Mark Flores,"6357 Sunset Ct, Dallas, TX"
215,Christopher Wilson,"1913 Washington Rd, Phoenix, AZ"
216,Paul Jackson,"9201 Elm Ct, San Jose, CA"
217,Paul Scott,"7231 Oak Pl, Philadelphia, PA"
218,Mark Green,"5645 River Ct, Dallas, TX"
219,Nancy Baker,"6464 Chestnut Ln, Phoenix, AZ"
220,Lisa Garcia,"4539 Aspen Blvd, Chicago, IL"
221,Donald Torres,"6323 Hill Rd, Dallas, TX"
222,Carol Rodriguez,"1495 Sycamore Ln, San Antonio, TX"
223,Daniel Martinez,"3405 Washington Pl, Philadelphia, PA"
224,Michael Garcia,"7874 Spruce Pl, Dallas, TX"
225,Betty Thomas,"4485 Sunset Ave, Phoenix, AZ"
226,Emily Walker,"4925 Walnut Pl, San Diego, CA"
227,Anthony Gonzalez,"1268 Aspen Pl, New York, NY"
228,Richard Jones,"2934 Birch Pl, San Diego, CA"
229,Ashley Torres,"6715 Center St, Dallas, TX"
230,Paul King,"4633 Highland Pl, Chicago, IL"
231,James Perez,"7712 Maple Ln, Dallas, TX"
232,Charles Sanchez,"1142 Washington Blvd, San Antonio, TX"
233,Susan Taylor,"1518 Center Ln, Dallas, TX"
234,Brian Sanchez,"5672 Main Ave, Houston, TX"
235,Jennifer Rodriguez,"1176 Pine Rd, Houston, TX"
236,Amanda King,"769 Elm Pl, Dallas, TX"
237,Melissa Campbell,"5160 Center Ct, Los Angeles, CA"
238,George Taylor,"870 Center Ct, Los Angeles, CA"
239,Ashley Smith,"6796 Park Dr, San Diego, CA"
240,John Miller,"2703 Main Ln, Chicago, IL"
241,Matthew Martin,"4309 Pine Blvd, San Antonio, TX"
242,Lisa Perez,"7968 Elm Ln, Dallas, TX"
243,Donald Gonzalez,"6216 Main Ave, Dallas, TX"
244,Jessica Rodriguez,"2607 Maple Blvd, San Diego, CA"
245,Amanda Davis,"1323 Pine Dr, Dallas, TX"
246,Patricia Brown,"4556 Elm Ave, San Jose, CA"
247,Kimberly Brown,"7256 Oak Rd, Philadelphia, PA"
248,Nancy White,"4041 Chestnut Pl, Phoenix, AZ"
249,Carol Adams,"9182 Lake Blvd, Chicago, IL"
250,Joseph Hill,"2088 Pine Dr, Los Angeles, CA"
251,Emily Green,"6394 Hill Ct, San Jose, CA"
252,Brian Taylor,"5871 Sycamore Dr, San Jose, CA"
253,Paul Adams,"6391 Maple Rd, San Jose, CA"
254,Kimberly Young,"9464 Lake Blvd, San Diego, CA"
255,Christopher Allen,"6996 Sunset Ln, Chicago, IL"
256,Mark Miller,"874 Lake Pl, Chicago, IL"
257,Thomas Martin,"5697 Highland Rd, San Jose, CA"
258,Steven Flores,"6220 Maple St, San Antonio, TX"
259,Mary Torres,"8593 River Pl, Houston, TX"
260,Patricia Clark,"4768 Elm Ct, San Antonio, TX"
261,Brian Perez,"2908 Birch Pl, Phoenix, AZ"
262,Sarah Martin,"1346 Highland Dr, Chicago, IL"
263,Brian King,"703 Sunset Blvd, San Jose, CA"
264,Barbara Robinson,"9292 River Dr, New York, NY"
265,Donna King,"2347 Pine Ave, Chicago, IL"
266,John Lopez,"1579 Pine Ln, Chicago, IL"
267,Dorothy Baker,"1283 Birch Ln, Houston, TX"
268,Matthew Allen,"5320 Sunset St, Phoenix, AZ"
269,Michael Rivera,"2707 Highland Ln, Houston, TX"
270,Ashley Smith,"8162 Maple Pl, San Diego, CA"
271,Lisa Jones,"758 Sycamore St, Houston, TX"
272,Barbara Hernandez,"7796 Center St, Houston, TX"
273,Charles Robinson,"3930 Birch Rd, Chicago, IL"
274,Margaret Robinson,"6918 Sunset Rd, Phoenix, AZ"
275,George Anderson,"3422 Pine St, Chicago, IL"
276,Susan Anderson,"4220 Spruce Ln, Houston, TX"
277,Donald Rivera,"3869 Center Pl, New York, NY"
278,Melissa Thompson,"8816 Spruce Ln, Chicago, IL"
279,Robert Flores,"5592 Center Rd, San Jose, CA"
280,Michelle Clark,"2271 Spruce Blvd, Phoenix, AZ"
281,Susan Garcia,"2446 Elm Ave, Philadelphia, PA"
282,Lisa Allen,"2760 Birch Dr, Houston, TX"
283,Mary Walker,"4379 Spruce Ave, Los Angeles, CA"
284,William Perez,"6760 Chestnut St, San Diego, CA"
285,Patricia Robinson,"4918 Walnut Blvd, Phoenix, AZ"
286,Amanda Perez,"5340 River Pl, San Jose, CA"
287,Donald Jones,"1806 Cedar Dr, Philadelphia, PA"
288,Edward Hall,"3456 Center Pl, Los Angeles, CA"
289,Carol Williams,"2578 Elm Rd, San Antonio, TX"
290,Charles Lee,"3782 Sycamore Ct, San Jose, CA"
291,Sarah Ramirez,"6082 Birch Rd, Dallas, TX"
292,Susan Rivera,"9381 Cedar St, New York, NY"
293,Richard Thompson,"8249 Spruce Ln, San Diego, CA"
294,William Harris,"7759 Lake Blvd, Philadelphia, PA"
295,John Lopez,"9928 Walnut Ave, Chicago, IL"
296,Matthew Martin,"110 Washington Ave, Chicago, IL"
297,Jessica Scott,"8459 Chestnut Blvd, Dallas, TX"
298,Mary Young,"6786 Hill Ct, Phoenix, AZ"
299,Andrew Young,"5127 Oak Ct, San Jose, CA"
300,Amanda Flores,"9228 Maple Ave, San Antonio, TX"
301,Joshua Green,"3927 Sunset Dr, Philadelphia, PA"
302,Anthony Martinez,"437 Lake Ln, Chicago, IL"
303,Robert Jones,"88 Cedar Pl, New York, NY"
304,James Williams,"2930 Spruce Blvd, Chicago, IL"
305,Patricia Thompson,"2734 Hill Blvd, New York, NY"
306,Steven Nguyen,"6283 Hill Ln, New York, NY"
307,Kimberly Torres,"4776 Birch St, San Antonio, TX"
308,Matthew Jones,"255 Chestnut Ave, Los Angeles, CA"
309,Charles Walker,"4319 Spruce Blvd, San Diego, CA"
310,Daniel Torres,"1996 Sycamore Ave, San Diego, CA"
311,Richard Torres,"6861 Oak Ct, Philadelphia, PA"
312,Patricia Mitchell,"7571 Highland Ln, San Antonio, TX"
313,Deborah Williams,"3226 Washington Pl, Los Angeles, CA"
314,Margaret Johnson,"872 Hill Ln, Chicago, IL"
315,Kevin Martin,"6454 Main St, Houston, TX"
316,William Mitchell,"5726 Chestnut St, Chicago, IL"
317,Sarah Garcia,"5144 Center Rd, San Antonio, TX"
318,Karen Harris,"6208 Spruce Ct, San Diego, CA"
319,Betty Green,"1968 Sunset Ct, Phoenix, AZ"
320,David Rivera,"137 Birch Rd, New York, NY"
321,James Smith,"7268 Cedar Dr, Phoenix, AZ"
322,Richard Lewis,"8014 Birch Rd, Los Angeles, CA"
323,Mary Walker,"3121 Hill Blvd, Chicago, IL"
324,Elizabeth Lee,"3657 Spruce Dr, San Diego, CA"
325,Margaret Hernandez,"3856 Elm Dr, Phoenix, AZ"
326,Nancy Williams,"4522 Cedar Ln, Los Angeles, CA"
327,Mark Young,"7567 Highland Ln, Dallas, TX"
328,Anthony Ramirez,"827 Pine St, New York, NY"
329,Mary Thompson,"2009 Sycamore Ave, Dallas, TX"
330,Matthew Hernandez,"9968 Sunset Pl, Houston, TX"
331,Michelle Wilson,"8327 Lake Rd, San Jose, CA"
332,Jennifer Jackson,"6468 Oak Blvd, San Jose, CA"
333,Dorothy Baker,"1413 Highland Dr, Philadelphia, PA"
334,Kevin Thompson,"310 Park St, Dallas, TX"
335,Mark White,"7552 Walnut Ln, Philadelphia, PA"
336,Michael Hall,"8339 Lake Ave, Houston, TX"
337,Melissa Campbell,"3156 Spruce Blvd, San Diego, CA"
338,Patricia Nelson,"4500 Spruce Rd, Phoenix, AZ"
339,Matthew Wright,"1727 Main St, Houston, TX"
340,George Wright,"8300 Pine Dr, Philadelphia, PA"
341,Amanda Baker,"8998 River Ave, Phoenix, AZ"
342,Barbara Flores,"6602 Hill Blvd, Phoenix, AZ"
343,Christopher Robinson,"7700 Oak Ave, San Diego, CA"
344,Jessica Anderson,"1095 Walnut St, New York, NY"
345,Margaret White,"725 Lake Ct, Philadelphia, PA"
346,Charles Campbell,"1359 Aspen Pl, Chicago, IL"
347,Mark Torres,"624 Hill Ave, Dallas, TX"
348,Elizabeth Harris,"7666 Washington Pl, Philadelphia, PA"
349,Anthony Campbell,"7116 Sycamore St, New York, NY"
350,Karen Davis,"6361 Birch Ct, New York, NY"
351,Michelle White,"1644 Highland Ct, Los Angeles, CA"
352,Melissa Scott,"1425 Washington Blvd, New York, NY"
353,Mark Lee,"4985 Birch Ct, Houston, TX"
354,Lisa Scott,"9588 Hill St, San Diego, CA"
355,Christopher Anderson,"3248 Lake Ct, Los Angeles, CA"
356,Thomas Nguyen,"9485 Elm Ct, Los Angeles, CA"
357,Kimberly Baker,"7781 Highland Ave, Philadelphia, PA"
358,Dorothy Sanchez,"3571 Spruce Ct, Phoenix, AZ"
359,Christopher Nelson,"4584 Sunset Ct, Chicago, IL"
360,Barbara Johnson,"5544 Center Blvd, Philadelphia, PA"
361,Kimberly Thomas,"3247 Oak St, Philadelphia, PA"
362,Steven Brown,"6034 Spruce Pl, San Antonio, TX"
363,George Thomas,"1588 Sunset Rd, New York, NY"
364,Paul King,"4756 Park Dr, Dallas, TX"
365,Steven Thomas,"7220 Pine Blvd, Chicago, IL"
366,Donald Lewis,"4728 Birch Dr, New York, NY"
367,Ashley Nguyen,"8224 Lake Blvd, Los Angeles, CA"
368,Emily Garcia,"1410 Highland Pl, San Diego, CA"
369,Donald Nelson,"111 Cedar Ave, Houston, TX"
370,Charles Williams,"8052 Washington St, Houston, TX"
371,Margaret Jones,"5233 Walnut Rd, San Diego, CA"
372,Edward Taylor,"1088 Cedar Pl, Dallas, TX"
373,Sarah Green,"295 Birch St, New York, NY"
374,Mary Smith,"3913 Pine Dr, New York, NY"
375,Carol Green,"4527 Washington Ave, Dallas, TX"
376,Donna Johnson,"1306 Sunset St, Los Angeles, CA"
377,Brian Thomas,"1785 Aspen Blvd, Philadelphia, PA"
378,Joshua Green,"9507 Spruce Ave, Chicago, IL"
379,Sandra Young,"4729 Elm Rd, Houston, TX"
380,Dorothy Lewis,"5281 Center Rd, San Antonio, TX"
381,Robert King,"9190 River Ct, San Jose, CA"
382,Michael White,"3381 Spruce Dr, San Antonio, TX"
383,Nancy Flores,"7986 Chestnut Rd, New York, NY"
384,George Nguyen,"8444 Cedar Rd, San Diego, CA"
385,Melissa Hall,"9978 Cedar Blvd, New York, NY"
386,Paul Anderson,"6159 Hill Blvd, Philadelphia, PA"
387,Margaret Davis,"8761 Aspen Pl, San Jose, CA"
388,Matthew Wright,"6177 Pine Blvd, San Antonio, TX"
389,Anthony Baker,"6309 Sycamore Ave, San Jose, CA"
390,Andrew Hernandez,"440 Chestnut Pl, Dallas, TX"
391,George Ramirez,"7471 Highland Ln, Phoenix, AZ"
392,Steven Campbell,"9784 Center Ln, San Diego, CA"
393,Donald Nelson,"8036 Main Pl, San Antonio, TX"
394,Mark Wilson,"643 Birch St, San Diego, CA"
395,Christopher Williams,"3149 Center Blvd, Houston, TX"
396,Deborah Walker,"9273 Hill Dr, Houston, TX"
397,Sarah Robinson,"2879 River Ave, San Antonio, TX"
398,Ashley Scott,"5536 Birch Ct, San Diego, CA"
399,Patricia Lewis,"4285 Hill Ln, San Antonio, TX"
400,James Mitchell,"1333 Park Blvd, San Diego, CA"
401,Susan Rodriguez,"3570 Pine Dr, New York, NY"
402,George Perez,"9183 Birch Pl, San Jose, CA"
403,David Green,"2694 Birch St, Chicago, IL"
404,Donna Nelson,"8191 Park Ln, San Antonio, TX"
405,Michelle Wilson,"8162 Oak Dr, New York, NY"
406,Donald Hill,"9851 Aspen Ave, New York, NY"
407,Anthony Rodriguez,"5666 Lake Ave, Phoenix, AZ"
408,Joseph Martin,"9224 River Ave, San Diego, CA"
409,Karen Robinson,"8868 Maple Rd, San Antonio, TX"
410,Ashley Davis,"2595 Cedar Pl, Phoenix, AZ"
411,Michelle King,"3926 Main Ct, Phoenix, AZ"
412,Richard Ramirez,"4107 Park St, Los Angeles, CA"
413,Anthony Martinez,"2925 Highland Pl, Phoenix, AZ"
414,James Allen,"2687 Sycamore Ct, Dallas, TX"
415,Joshua Young,"4041 Oak Ave, Chicago, IL"
416,Michael White,"7354 Highland Ct, New York, NY"
417,Robert Baker,"8370 Sycamore Ave, San Diego, CA"
418,Linda Robinson,"4388 Cedar St, Philadelphia, PA"
419,Amanda Flores,"739 Aspen Blvd, San Diego, CA"
420,Jennifer King,"2456 Sycamore St, Chicago, IL"
421,Jennifer Thomas,"531 Cedar Ct, Philadelphia, PA"
422,John Gonzalez,"1786 River Ct, Los Angeles, CA"
423,Mark Thomas,"7905 River Ave, Phoenix, AZ"
424,Jennifer Moore,"5968 Center Ln, Phoenix, AZ"
425,Christopher Garcia,"3383 Washington Dr, Philadelphia, PA"
426,Lisa Nguyen,"4943 Pine Ct, San Jose, CA"
427,Jennifer Thompson,"3169 Center Ct, New York, NY"
428,Kevin Gonzalez,"3813 Highland Dr, Dallas, TX"
429,Anthony Rivera,"5453 River Ct, New York, NY"
430,Patricia Lewis,"3421 River Rd, Philadelphia, PA"
431,Barbara Lee,"9285 Maple Ave, Los Angeles, CA"
432,Anthony White,"4255 Hill Ct, San Diego, CA"
433,Mary Sanchez,"7863 Center Ct, San Diego, CA"
434,Paul Green,"4338 Cedar Dr, Los Angeles, CA"
435,Karen Perez,"4514 Elm Rd, Dallas, TX"
436,Margaret Moore,"5184 Aspen Ave, Houston, TX"
437,Daniel Johnson,"4350 Aspen St, Houston, TX"
438,Daniel Mitchell,"644 Pine Rd, San Antonio, TX"
439,Susan Hill,"6620 Elm Rd, Philadelphia, PA"
440,Michael Wilson,"1406 Elm Pl, New York, NY"
441,John Martin,"2834 Sycamore Ave, San Antonio, TX"
442,Deborah Moore,"7735 Hill Rd, New York, NY"
443,Brian Flores,"9435 Spruce Ave, Chicago, IL"
444,Dorothy Johnson,"9924 Park St, Los Angeles, CA"
445,Matthew Wilson,"3996 Hill Blvd, San Antonio, TX"
446,William Lee,"2198 Aspen Dr, Dallas, TX"
447,Margaret White,"1821 Walnut Ave, San Jose, CA"
448,David Rivera,"2294 River Ave, Dallas, TX"
449,Deborah Mitchell,"436 Lake St, San Antonio, TX"
450,Barbara Thomas,"8395 Spruce Ave, Houston, TX"
451,Dorothy Flores,"5965 Washington Rd, Los Angeles, CA"
452,Anthony Young,"8087 Aspen Ave, San Diego, CA"
453,Betty Davis,"129 Aspen Ct, San Diego, CA"
454,Michelle Garcia,"2305 Cedar Pl, San Jose, CA"
455,Elizabeth Thomas,"9257 Hill Ln, Los Angeles, CA"
456,Jessica Campbell,"3380 Lake Ln, Los Angeles, CA"
457,Lisa Thomas,"2746 Park Ct, Dallas, TX"
458,Sandra Campbell,"5801 Elm Rd, New York, NY"
459,Deborah Moore,"1697 Maple Rd, Phoenix, AZ"
460,Donald Nelson,"7031 Walnut Ave, Dallas, TX"
461,David Wright,"1271 Sycamore Blvd, Dallas, TX"
462,Dorothy Rodriguez,"6327 River Rd, Dallas, TX"
463,David Miller,"6151 Highland Dr, Chicago, IL"
464,Kenneth Young,"8572 Maple Dr, San Antonio, TX"
465,Dorothy Jackson,"2319 Chestnut Dr, Chicago, IL"
466,Susan Rodriguez,"2601 Elm Rd, San Antonio, TX"
467,Richard Lewis,"6435 Spruce Dr, Dallas, TX"
468,Melissa Garcia,"4119 Washington Ln, Los Angeles, CA"
469,Charles Perez,"8872 Elm Pl, Phoenix, AZ"
470,Mark Thompson,"4547 Sycamore St, Phoenix, AZ"
471,Sandra Jackson,"6952 Pine Pl, Phoenix, AZ"
472,Susan Moore,"58 Sunset Ave, Philadelphia, PA"
473,Sandra Nguyen,"6336 River St, Philadelphia, PA"
474,Barbara Thompson,"9487 Lake Blvd, Houston, TX"
475,George Rodriguez,"4402 Sunset Rd, Dallas, TX"
476,Edward Anderson,"1945 Sunset Ln, San Jose, CA"
477,Donna White,"9014 Main St, San Jose, CA"
478,Donald Walker,"8096 Main Rd, Chicago, IL"
479,Amanda Wright,"7381 Cedar Ln, New York, NY"
480,Margaret Ramirez,"9 Washington Ln, Los Angeles, CA"
481,Amanda Ramirez,"431 Washington Blvd, Phoenix, AZ"
482,Richard Nelson,"2047 Chestnut Pl, Phoenix, AZ"
483,Michelle Jackson,"2704 Spruce Pl, Phoenix, AZ"
484,Kimberly Taylor,"7040 Aspen Blvd, Los Angeles, CA"
485,Daniel Lopez,"96 Birch Dr, Philadelphia, PA"
486,Edward Ramirez,"842 Spruce Blvd, Dallas, TX"
487,Patricia Allen,"7765 Washington St, Dallas, TX"
488,James Hill,"2803 Birch Blvd, New York, NY"
489,Donna Rodriguez,"1885 Park Blvd, New York, NY"
490,Dorothy Rivera,"2363 Aspen Rd, Houston, TX"
491,George Thompson,"9256 Sunset Pl, Los Angeles, CA"
492,Susan Brown,"9520 Washington Pl, Chicago, IL"
493,Donna Nguyen,"5164 Maple Blvd, Los Angeles, CA"
494,Mary Smith,"7852 Washington Blvd, San Jose, CA"
495,Emily Rodriguez,"9375 Park Pl, San Jose, CA"
496,Paul King,"4107 Hill Ln, Houston, TX"
497,David Ramirez,"2920 Oak Dr, Chicago, IL"
498,Karen Brown,"7665 Spruce St, San Diego, CA"
499,Dorothy Williams,"7884 Maple Dr, Dallas, TX"
500,Michael Young,"807 Cedar Ln, San Antonio, TX"
