NFSA,NZQW2ZI,MFSGI4TFONZQ,MVWWC2LM,OBUG63TFL5XHK3LCMVZA
1,Jennifer White,"2496 ParkBoulevard, Austin, Texas, 40800, USA",jennifer.white@example.com,+16578917693
2,Amanda Lopez,"6874 WashingtonBoulevard, New York, New York, 65494, USA",amanda.lopez@example.com,+10593487353
3,Betty Rodriguez,"5595 HighlandAvenue, Seattle, Washington, 35346, USA",betty.rodriguez@example.com,+12396748862
4,Kevin Martin,"8514 AppleAvenue, Columbus, Ohio, 40752, USA",kevin.martin@example.com,+16967387424
5,Kimberly Martin,"9744 BirchCircle, Austin, Texas, 89307, USA",kimberly.martin@example.com,+11010710191
6,Richard Gonzalez,"5195 MapleTerrace, Houston, Texas, 15871, USA",richard.gonzalez@example.com,+15712704991
7,Ashley Sanchez,"8044 ElmBoulevard, Fort Worth, Texas, 36141, USA",ashley.sanchez@example.com,+14175224995
8,Thomas Sanchez,"2240 RiverCourt, San Diego, California, 99689, USA",thomas.sanchez@example.com,+18925168541
9,Robert Davis,"7621 ElmTerrace, New York, New York, 56856, USA",robert.davis@example.com,+11986529147
10,Sandra Miller,"2050 ElmPlace, New York, New York, 94082, USA",sandra.miller@example.com,+11125012258
11,Joseph Jones,"1362 WalnutAvenue, Jacksonville, Florida, 22236, USA",joseph.jones@example.com,+10252877709
12,Dorothy Jones,"7381 MaplePlace, Seattle, Washington, 22292, USA",dorothy.jones@example.com,+10532799495
13,Joshua Robinson,"4214 LakeCourt, Los Angeles, California, 83780, USA",joshua.robinson@example.com,+19638235048
14,Andrew Davis,"1141 MapleTerrace, San Antonio, Texas, 96259, USA",andrew.davis@example.com,+19310396210
15,Donald Lee,"8970 MapleTerrace, San Jose, California, 53050, USA",donald.lee@example.com,+13803801501
16,Charles Robinson,"6930 CherryCourt, Seattle, Washington, 16613, USA",charles.robinson@example.com,+11149635655
17,Anthony Sanchez,"4489 RiverDrive, Dallas, Texas, 78730, USA",anthony.sanchez@example.com,+18249232096
18,Barbara Jackson,"1867 WashingtonPlace, Washington, District of Columbia, 76125, USA",barbara.jackson@example.com,+14664445661
19,Robert Wilson,"9188 OrangeDrive, San Antonio, Texas, 32047, USA",robert.wilson@example.com,+14623576498
20,Donna Garcia,"691 PinePlace, Chicago, Illinois, 28371, USA",donna.garcia@example.com,+11187698540
21,James Wilson,"5155 ApplePlace, Columbus, Ohio, 38717, USA",james.wilson@example.com,+18411076703
22,Michael Smith,"2747 WalnutCircle, Indianapolis, Indiana, 37334, USA",michael.smith@example.com,+17378211196
23,Barbara Robinson,"807 RiverCircle, San Jose, California, 96548, USA",barbara.robinson@example.com,+13369650762
24,Emily Wilson,"4822 RiverRoad, Washington, District of Columbia, 56072, USA",emily.wilson@example.com,+14954829565
25,Linda Lopez,"6022 OakRoad, San Jose, California, 96560, USA",linda.lopez@example.com,+14691174315
26,Thomas Williams,"1419 MaplePlace, Los Angeles, California, 80928, USA",thomas.williams@example.com,+12293319290
27,Mark Johnson,"1933 BirchTerrace, Austin, Texas, 52520, USA",mark.johnson@example.com,+12474766672
28,David Clark,"3512 AppleLane, Chicago, Illinois, 97729, USA",david.clark@example.com,+12724091401
29,Sarah Miller,"3905 OrangePlace, Chicago, Illinois, 69160, USA",sarah.miller@example.com,+16948447534
30,Nancy Ramirez,"6004 BirchRoad, Austin, Texas, 59990, USA",nancy.ramirez@example.com,+17901657784
31,Emily Perez,"1855 CherryBoulevard, San Jose, California, 62496, USA",emily.perez@example.com,+16678342087
32,Jennifer Garcia,"6025 SunsetRoad, Dallas, Texas, 92805, USA",jennifer.garcia@example.com,+12820912191
33,James Anderson,"2204 HillPlace, New York, New York, 78154, USA",james.anderson@example.com,+11293035308
34,Matthew Martinez,"4855 BirchRoad, Los Angeles, California, 86906, USA",matthew.martinez@example.com,+17905011243
35,Joseph Smith,"7846 RiverTerrace, San Jose, California, 92369, USA",joseph.smith@example.com,+19362843733
36,Robert Rodriguez,"3880 OakAvenue, San Diego, California, 12390, USA",robert.rodriguez@example.com,+18337802058
37,Carol Jones,"2671 CenterDrive, Los Angeles, California, 35370, USA",carol.jones@example.com,+19420970815
38,Thomas Thomas,"5690 ElmCourt, Denver, Colorado, 83930, USA",thomas.thomas@example.com,+10087253094
39,Jessica Rodriguez,"7852 CherryCourt, Houston, Texas, 96948, USA",jessica.rodriguez@example.com,+11878108718
40,Lisa Sanchez,"1247 OakCircle, Houston, Texas, 10969, USA",lisa.sanchez@example.com,+16476002830
41,Edward Garcia,"9393 LakeLane, Indianapolis, Indiana, 87191, USA",edward.garcia@example.com,+11764103483
42,Sarah Wilson,"56 HillBoulevard, Seattle, Washington, 96748, USA",sarah.wilson@example.com,+14091399632
43,William Johnson,"4937 BirchTerrace, Houston, Texas, 70431, USA",william.johnson@example.com,+15191197958
44,Edward Smith,"8428 LakeStreet, San Francisco, California, 20638, USA",edward.smith@example.com,+14542313309
45,Sarah Johnson,"607 OakTerrace, Washington, District of Columbia, 18647, USA",sarah.johnson@example.com,+13982263036
46,Susan Lewis,"9737 RiverCircle, San Antonio, Texas, 14403, USA",susan.lewis@example.com,+18249875191
47,Amanda Harris,"2516 CherryAvenue, Dallas, Texas, 22598, USA",amanda.harris@example.com,+14889698958
48,Kevin Hernandez,"5299 MainLane, Seattle, Washington, 74677, USA",kevin.hernandez@example.com,+19033227473
49,Anthony Davis,"2493 WalnutTerrace, Philadelphia, Pennsylvania, 93134, USA",anthony.davis@example.com,+18585590497
50,Michelle Smith,"711 SunsetBoulevard, Charlotte, North Carolina, 57067, USA",michelle.smith@example.com,+15090166357
51,Kimberly Moore,"9015 CherryLane, San Antonio, Texas, 39829, USA",kimberly.moore@example.com,+18598446358
52,Karen Perez,"2917 AppleTerrace, Houston, Texas, 93520, USA",karen.perez@example.com,+13935805418
53,Dorothy Taylor,"4225 SunsetLane, Dallas, Texas, 79730, USA",dorothy.taylor@example.com,+13809829275
54,Lisa Moore,"9052 MapleStreet, Houston, Texas, 27780, USA",lisa.moore@example.com,+10321285553
55,Anthony Martin,"4776 OakTerrace, Los Angeles, California, 66154, USA",anthony.martin@example.com,+14880575395
56,Richard Perez,"1142 PineCourt, Washington, District of Columbia, 91725, USA",richard.perez@example.com,+17579775826
57,Karen Robinson,"2947 PineStreet, Philadelphia, Pennsylvania, 34217, USA",karen.robinson@example.com,+18373765185
58,Betty Thomas,"15 HighlandStreet, San Diego, California, 94827, USA",betty.thomas@example.com,+19420053446
59,Richard Garcia,"8341 OakBoulevard, Charlotte, North Carolina, 32452, USA",richard.garcia@example.com,+16811213826
60,Edward Garcia,"7125 CherryRoad, Philadelphia, Pennsylvania, 88778, USA",edward.garcia@example.com,+10885107244
61,James Lewis,"9931 HighlandLane, Jacksonville, Florida, 27677, USA",james.lewis@example.com,+17560631434
62,Jennifer Hernandez,"2468 ElmAvenue, Charlotte, North Carolina, 34015, USA",jennifer.hernandez@example.com,+17706215967
63,Linda White,"5040 BirchRoad, San Francisco, California, 95382, USA",linda.white@example.com,+17848686568
64,Matthew Martinez,"2153 WalnutRoad, Los Angeles, California, 85737, USA",matthew.martinez@example.com,+13732775645
65,Daniel Gonzalez,"1755 MainPlace, Austin, Texas, 22156, USA",daniel.gonzalez@example.com,+13496369420
66,Mark Lewis,"1586 RiverBoulevard, Chicago, Illinois, 52192, USA",mark.lewis@example.com,+11182690991
67,William Robinson,"5489 WashingtonDrive, San Antonio, Texas, 41916, USA",william.robinson@example.com,+11391309155
68,David Lee,"8273 OakStreet, Chicago, Illinois, 30382, USA",david.lee@example.com,+11558714545
69,Donald Miller,"7722 CedarRoad, San Francisco, California, 35397, USA",donald.miller@example.com,+13109031280
70,Charles Sanchez,"7862 ParkAvenue, Austin, Texas, 60997, USA",charles.sanchez@example.com,+19747325419
71,Edward Wilson,"5124 OrangeBoulevard, Houston, Texas, 51533, USA",edward.wilson@example.com,+15436256760
72,Richard Brown,"4650 CedarAvenue, Dallas, Texas, 51217, USA",richard.brown@example.com,+13862527672
73,Elizabeth Miller,"5465 ChestnutBoulevard, Dallas, Texas, 18514, USA",elizabeth.miller@example.com,+14546614821
74,John Lopez,"7585 CedarAvenue, Seattle, Washington, 61089, USA",john.lopez@example.com,+18911498454
75,Patricia Moore,"2230 HillPlace, Austin, Texas, 21994, USA",patricia.moore@example.com,+19876431877
76,William Lopez,"8346 MainBoulevard, Philadelphia, Pennsylvania, 37136, USA",william.lopez@example.com,+11643150060
77,Mary Gonzalez,"5824 CenterCircle, San Diego, California, 52588, USA",mary.gonzalez@example.com,+15402245076
78,Ashley Thomas,"2031 MainLane, Denver, Colorado, 42499, USA",ashley.thomas@example.com,+18954165327
79,Donna Martin,"6636 ApplePlace, Chicago, Illinois, 43566, USA",donna.martin@example.com,+17985503259
80,Karen Clark,"8107 ChestnutRoad, Seattle, Washington, 56102, USA",karen.clark@example.com,+16797107372
81,William Lee,"8546 CedarAvenue, Jacksonville, Florida, 53552, USA",william.lee@example.com,+17974505718
82,Ashley Williams,"5283 OakCourt, Fort Worth, Texas, 64296, USA",ashley.williams@example.com,+10659291598
83,Nancy Thomas,"7427 CenterTerrace, Indianapolis, Indiana, 20452, USA",nancy.thomas@example.com,+17174311287
84,Linda Harris,"2296 HighlandTerrace, Houston, Texas, 10513, USA",linda.harris@example.com,+18752905868
85,Jennifer Miller,"5604 RiverRoad, Indianapolis, Indiana, 30758, USA",jennifer.miller@example.com,+16295313062
86,Emily Hernandez,"7000 WalnutBoulevard, Chicago, Illinois, 16320, USA",emily.hernandez@example.com,+17799591683
87,Michael Rodriguez,"7967 MainBoulevard, Washington, District of Columbia, 13221, USA",michael.rodriguez@example.com,+16355848505
88,Paul Perez,"6860 CedarDrive, Houston, Texas, 95677, USA",paul.perez@example.com,+19989587897
89,Kevin Smith,"2747 PineCourt, Dallas, Texas, 99846, USA",kevin.smith@example.com,+10263418708
90,Richard Perez,"5469 OrangeBoulevard, Columbus, Ohio, 95465, USA",richard.perez@example.com,+18370683790
91,Thomas Jackson,"849 MapleCircle, Philadelphia, Pennsylvania, 16452, USA",thomas.jackson@example.com,+11199337729
92,Betty Sanchez,"8099 HighlandPlace, Fort Worth, Texas, 93773, USA",betty.sanchez@example.com,+11997727077
93,Andrew Thompson,"4193 PineAvenue, Indianapolis, Indiana, 69168, USA",andrew.thompson@example.com,+10549048507
94,David Jones,"7772 WashingtonRoad, Dallas, Texas, 13954, USA",david.jones@example.com,+19200751094
95,Robert Thompson,"9887 ElmCourt, Denver, Colorado, 35823, USA",robert.thompson@example.com,+19173827350
96,Ashley Clark,"1493 OrangeCircle, San Antonio, Texas, 94715, USA",ashley.clark@example.com,+19889661915
97,Kimberly Harris,"3979 CedarRoad, Jacksonville, Florida, 88894, USA",kimberly.harris@example.com,+15411760546
98,Mary Williams,"3721 CherryBoulevard, Denver, Colorado, 11847, USA",mary.williams@example.com,+14093846520
99,Jennifer Anderson,"1511 HighlandLane, Phoenix, Arizona, 27784, USA",jennifer.anderson@example.com,+15473416496
100,Sarah Robinson,"2415 HillCourt, New York, New York, 78658, USA",sarah.robinson@example.com,+10345643206
101,Jessica Thomas,"7973 WalnutRoad, Chicago, Illinois, 54693, USA",jessica.thomas@example.com,+16265823996
102,Andrew Thomas,"4531 OrangeCourt, Washington, District of Columbia, 99734, USA",andrew.thomas@example.com,+11636521532
103,Steven Anderson,"8198 OrangeLane, Philadelphia, Pennsylvania, 12782, USA",steven.anderson@example.com,+10249046012
104,Jennifer Thompson,"3198 AppleBoulevard, New York, New York, 25078, USA",jennifer.thompson@example.com,+15429339982
105,Dorothy Martinez,"81 WalnutTerrace, Columbus, Ohio, 27622, USA",dorothy.martinez@example.com,+16726790987
106,Sandra Clark,"2686 WashingtonCircle, New York, New York, 20178, USA",sandra.clark@example.com,+15174009897
107,Betty Robinson,"3911 HighlandTerrace, Phoenix, Arizona, 53866, USA",betty.robinson@example.com,+11976559830
108,Karen Wilson,"7714 WalnutStreet, Charlotte, North Carolina, 38076, USA",karen.wilson@example.com,+19413651993
109,Steven Clark,"4453 CenterRoad, New York, New York, 96008, USA",steven.clark@example.com,+15398523541
110,Edward Johnson,"1621 CherryDrive, Fort Worth, Texas, 40572, USA",edward.johnson@example.com,+11450184879
111,Brian Hernandez,"1975 MainStreet, Indianapolis, Indiana, 11974, USA",brian.hernandez@example.com,+12638144274
112,Sandra Lewis,"1848 CherryCourt, Houston, Texas, 80660, USA",sandra.lewis@example.com,+18885882752
113,Richard White,"7483 WalnutStreet, New York, New York, 85900, USA",richard.white@example.com,+14480156245
114,Margaret Perez,"5518 WalnutStreet, Fort Worth, Texas, 79462, USA",margaret.perez@example.com,+14256194033
115,Elizabeth Davis,"6854 CherryTerrace, San Francisco, California, 45401, USA",elizabeth.davis@example.com,+11053886148
116,Donald Ramirez,"339 AppleTerrace, San Antonio, Texas, 37781, USA",donald.ramirez@example.com,+13661424485
117,Brian Thompson,"8063 PinePlace, Charlotte, North Carolina, 46561, USA",brian.thompson@example.com,+15766558416
118,Richard Martinez,"2354 MainTerrace, San Diego, California, 92426, USA",richard.martinez@example.com,+17282753559
119,Sandra Thompson,"4950 ParkPlace, Washington, District of Columbia, 48925, USA",sandra.thompson@example.com,+15311867571
120,Lisa Lopez,"639 WalnutLane, San Jose, California, 45952, USA",lisa.lopez@example.com,+14860023492
121,Kevin Ramirez,"6881 WalnutPlace, Phoenix, Arizona, 62997, USA",kevin.ramirez@example.com,+19640235482
122,Joseph Garcia,"3488 MainPlace, Phoenix, Arizona, 22152, USA",joseph.garcia@example.com,+17786875252
123,Susan Moore,"3964 ElmCourt, Austin, Texas, 36743, USA",susan.moore@example.com,+15273748086
124,Nancy Lewis,"3174 OrangeCourt, Jacksonville, Florida, 11167, USA",nancy.lewis@example.com,+10380685960
125,Amanda Sanchez,"4955 SunsetTerrace, Philadelphia, Pennsylvania, 52627, USA",amanda.sanchez@example.com,+16237722289
126,Deborah Thompson,"3885 ParkLane, Dallas, Texas, 75236, USA",deborah.thompson@example.com,+14252100813
127,Michelle Perez,"8472 CherryTerrace, Los Angeles, California, 70409, USA",michelle.perez@example.com,+19543011250
128,Amanda Brown,"7988 MainCourt, Indianapolis, Indiana, 12119, USA",amanda.brown@example.com,+17338698222
129,William Ramirez,"9207 AppleDrive, Indianapolis, Indiana, 16943, USA",william.ramirez@example.com,+10770636489
130,Sarah Davis,"3019 HillCourt, Indianapolis, Indiana, 63754, USA",sarah.davis@example.com,+18927585368
131,Mary Wilson,"6177 ChestnutAvenue, Columbus, Ohio, 42597, USA",mary.wilson@example.com,+15987586057
132,James Sanchez,"6762 PineLane, San Jose, California, 58483, USA",james.sanchez@example.com,+10978462100
133,Joseph Brown,"5341 HighlandPlace, Austin, Texas, 19881, USA",joseph.brown@example.com,+12825616497
134,Patricia Williams,"9439 CedarPlace, San Antonio, Texas, 26666, USA",patricia.williams@example.com,+18289719547
135,Andrew Jones,"7937 ParkLane, New York, New York, 66235, USA",andrew.jones@example.com,+12785596352
136,Elizabeth Brown,"501 PineTerrace, Philadelphia, Pennsylvania, 64902, USA",elizabeth.brown@example.com,+12025178714
137,Betty Miller,"5875 ParkPlace, Fort Worth, Texas, 28932, USA",betty.miller@example.com,+19695228057
138,Mary Clark,"2872 HighlandLane, San Jose, California, 57643, USA",mary.clark@example.com,+15512804532
139,Melissa Robinson,"1085 LakeStreet, Columbus, Ohio, 10236, USA",melissa.robinson@example.com,+10284349183
140,Donald Miller,"3746 OakCircle, San Francisco, California, 66764, USA",donald.miller@example.com,+18230148597
141,Joshua Williams,"5718 HillPlace, San Jose, California, 14756, USA",joshua.williams@example.com,+10085846979
142,Edward Garcia,"8736 MapleStreet, Phoenix, Arizona, 56481, USA",edward.garcia@example.com,+10861389892
143,Dorothy White,"5519 HillTerrace, Philadelphia, Pennsylvania, 83823, USA",dorothy.white@example.com,+18267479380
144,Donna Jones,"7319 ElmBoulevard, Austin, Texas, 96480, USA",donna.jones@example.com,+19946734690
145,Kenneth Brown,"5037 SunsetDrive, Los Angeles, California, 21272, USA",kenneth.brown@example.com,+12081970143
146,Edward Jackson,"2798 PineCourt, Chicago, Illinois, 94526, USA",edward.jackson@example.com,+19809226812
147,Edward Martinez,"6876 CherryTerrace, Denver, Colorado, 14375, USA",edward.martinez@example.com,+13346191119
148,Edward Moore,"903 SunsetTerrace, Austin, Texas, 55666, USA",edward.moore@example.com,+11319570480
149,James Lee,"9763 CenterRoad, Los Angeles, California, 26116, USA",james.lee@example.com,+11665818150
150,Ashley Sanchez,"3606 HillCourt, Dallas, Texas, 79050, USA",ashley.sanchez@example.com,+16450147276
151,Nancy Lopez,"4276 RiverRoad, Denver, Colorado, 70763, USA",nancy.lopez@example.com,+13887822653
152,Anthony Wilson,"534 MainDrive, Fort Worth, Texas, 24954, USA",anthony.wilson@example.com,+10813822183
153,Amanda Harris,"6161 PineRoad, San Jose, California, 44489, USA",amanda.harris@example.com,+11563069968
154,Sandra Anderson,"8297 OrangeRoad, Washington, District of Columbia, 74316, USA",sandra.anderson@example.com,+12077318036
155,Susan Gonzalez,"9688 MainPlace, Dallas, Texas, 84770, USA",susan.gonzalez@example.com,+14045584123
156,William Jackson,"8828 LakeLane, Austin, Texas, 15950, USA",william.jackson@example.com,+13326780082
157,Jennifer Johnson,"9184 CenterTerrace, Washington, District of Columbia, 16568, USA",jennifer.johnson@example.com,+11965960784
158,Kenneth Brown,"1130 WashingtonDrive, Philadelphia, Pennsylvania, 82050, USA",kenneth.brown@example.com,+11637687646
159,Kevin Moore,"8704 AppleBoulevard, Chicago, Illinois, 56793, USA",kevin.moore@example.com,+18009893044
160,James Martinez,"8853 WalnutTerrace, Fort Worth, Texas, 39029, USA",james.martinez@example.com,+18935736374
161,Carol Jones,"6278 CherryRoad, Dallas, Texas, 64497, USA",carol.jones@example.com,+19874151204
162,Joseph Moore,"7327 ElmStreet, Austin, Texas, 43126, USA",joseph.moore@example.com,+10726431282
163,Brian Anderson,"8219 WalnutPlace, Los Angeles, California, 56900, USA",brian.anderson@example.com,+16818729496
164,Elizabeth Lee,"6062 CenterStreet, Los Angeles, California, 64684, USA",elizabeth.lee@example.com,+13166104765
165,Sarah Anderson,"3530 PineStreet, San Jose, California, 66698, USA",sarah.anderson@example.com,+18399450437
166,Donna Jackson,"8612 AppleBoulevard, Dallas, Texas, 40843, USA",donna.jackson@example.com,+12864734164
167,Paul Lewis,"9086 CenterRoad, Indianapolis, Indiana, 56796, USA",paul.lewis@example.com,+18379657755
168,Daniel Perez,"3806 RiverPlace, Indianapolis, Indiana, 59876, USA",daniel.perez@example.com,+15546395294
169,Paul Davis,"4578 ElmBoulevard, Denver, Colorado, 43791, USA",paul.davis@example.com,+17177109433
170,Richard Jackson,"7643 PineTerrace, Austin, Texas, 16590, USA",richard.jackson@example.com,+10485534745
171,Kevin Jackson,"7147 ElmBoulevard, San Antonio, Texas, 39689, USA",kevin.jackson@example.com,+19998067606
172,Paul Perez,"5818 RiverBoulevard, Philadelphia, Pennsylvania, 16118, USA",paul.perez@example.com,+16938177556
173,Margaret Miller,"1075 WashingtonCourt, San Jose, California, 90007, USA",margaret.miller@example.com,+19661130647
174,Daniel Perez,"171 CherryCourt, Philadelphia, Pennsylvania, 76421, USA",daniel.perez@example.com,+10347879281
175,Joshua Sanchez,"1698 HillRoad, San Jose, California, 13131, USA",joshua.sanchez@example.com,+19346362865
176,George Brown,"3519 SunsetPlace, Phoenix, Arizona, 90486, USA",george.brown@example.com,+13162556136
177,Kevin Harris,"5535 CherryAvenue, Los Angeles, California, 23987, USA",kevin.harris@example.com,+15652378035
178,Edward Smith,"7443 ChestnutLane, San Antonio, Texas, 81142, USA",edward.smith@example.com,+16685146975
179,Kevin Anderson,"9383 PineRoad, Columbus, Ohio, 16430, USA",kevin.anderson@example.com,+10681862211
180,Michael Thomas,"5474 WashingtonPlace, New York, New York, 10699, USA",michael.thomas@example.com,+13352774405
181,Kimberly Wilson,"7245 CedarLane, Indianapolis, Indiana, 86726, USA",kimberly.wilson@example.com,+15670626212
182,Sarah Taylor,"9133 WashingtonBoulevard, Columbus, Ohio, 30679, USA",sarah.taylor@example.com,+10917835719
183,Robert Williams,"7429 MainTerrace, Chicago, Illinois, 21816, USA",robert.williams@example.com,+17377134169
184,Carol Johnson,"2263 OrangeCircle, Los Angeles, California, 61748, USA",carol.johnson@example.com,+13768226488
185,Daniel Anderson,"8379 CherryDrive, Fort Worth, Texas, 66658, USA",daniel.anderson@example.com,+16010641650
186,Emily Johnson,"3082 OakCourt, Seattle, Washington, 62362, USA",emily.johnson@example.com,+16308999940
187,Amanda Thomas,"5788 WalnutBoulevard, New York, New York, 26708, USA",amanda.thomas@example.com,+10005158899
188,Matthew Thomas,"1922 CherryDrive, Indianapolis, Indiana, 33883, USA",matthew.thomas@example.com,+17196009208
189,Michelle Anderson,"2957 MainStreet, New York, New York, 27854, USA",michelle.anderson@example.com,+13384384993
190,Matthew Ramirez,"1948 CherryAvenue, Los Angeles, California, 89456, USA",matthew.ramirez@example.com,+18421412624
191,Nancy Davis,"1994 SunsetCircle, Charlotte, North Carolina, 67325, USA",nancy.davis@example.com,+16552597338
192,Jennifer Wilson,"430 PineBoulevard, Charlotte, North Carolina, 68399, USA",jennifer.wilson@example.com,+18079327157
193,Daniel Lopez,"9680 ElmAvenue, Charlotte, North Carolina, 66046, USA",daniel.lopez@example.com,+19261700280
194,Sandra Taylor,"1388 WalnutPlace, San Jose, California, 46186, USA",sandra.taylor@example.com,+14207572446
195,Jennifer Sanchez,"1812 CherryCourt, Fort Worth, Texas, 79978, USA",jennifer.sanchez@example.com,+18122402158
196,Carol Hernandez,"9771 CedarAvenue, Charlotte, North Carolina, 84694, USA",carol.hernandez@example.com,+12255859051
197,Jennifer Jones,"2890 OrangeRoad, Fort Worth, Texas, 93900, USA",jennifer.jones@example.com,+11191460718
198,Betty Thomas,"3348 RiverRoad, New York, New York, 42683, USA",betty.thomas@example.com,+13218629584
199,Edward Brown,"8330 PineStreet, Indianapolis, Indiana, 27936, USA",edward.brown@example.com,+18861728028
200,David Clark,"865 CherryPlace, New York, New York, 60439, USA",david.clark@example.com,+11827066191
201,Barbara Gonzalez,"3658 AppleRoad, San Francisco, California, 70186, USA",barbara.gonzalez@example.com,+17805049500
202,Mark Taylor,"5277 LakeAvenue, New York, New York, 49723, USA",mark.taylor@example.com,+11530604715
203,Mary Thomas,"9711 ElmPlace, Philadelphia, Pennsylvania, 37834, USA",mary.thomas@example.com,+15339895755
204,Kenneth Miller,"5041 PinePlace, Dallas, Texas, 74828, USA",kenneth.miller@example.com,+18709298859
205,Kenneth Gonzalez,"879 WalnutCourt, Indianapolis, Indiana, 32535, USA",kenneth.gonzalez@example.com,+12072509306
206,William Hernandez,"2167 MainTerrace, San Diego, California, 56358, USA",william.hernandez@example.com,+11945339364
207,Edward Johnson,"8229 ChestnutDrive, Dallas, Texas, 49515, USA",edward.johnson@example.com,+15646194289
208,Melissa Robinson,"3968 WashingtonStreet, San Jose, California, 37147, USA",melissa.robinson@example.com,+18490882048
209,Linda Thompson,"3182 ChestnutTerrace, Charlotte, North Carolina, 26649, USA",linda.thompson@example.com,+18709417335
210,Ashley Garcia,"2496 BirchDrive, Denver, Colorado, 53992, USA",ashley.garcia@example.com,+14636149300
211,Robert Jones,"7608 RiverLane, San Diego, California, 89209, USA",robert.jones@example.com,+12267634976
212,Joshua Taylor,"7075 RiverStreet, Philadelphia, Pennsylvania, 99927, USA",joshua.taylor@example.com,+17237719805
213,Kevin Rodriguez,"8487 OrangeRoad, Fort Worth, Texas, 89355, USA",kevin.rodriguez@example.com,+15042351948
214,Lisa Hernandez,"9140 CenterPlace, Phoenix, Arizona, 31763, USA",lisa.hernandez@example.com,+17496980608
215,Jennifer Thomas,"4116 ChestnutAvenue, Indianapolis, Indiana, 15789, USA",jennifer.thomas@example.com,+19502552633
216,Mary Ramirez,"3456 MainDrive, San Antonio, Texas, 38850, USA",mary.ramirez@example.com,+15717290929
217,Amanda Miller,"7101 HillCourt, San Francisco, California, 75267, USA",amanda.miller@example.com,+18274645280
218,Steven Lopez,"7395 CherryDrive, Columbus, Ohio, 50290, USA",steven.lopez@example.com,+10222205442
219,Donna Hernandez,"3338 OakCourt, Fort Worth, Texas, 91053, USA",donna.hernandez@example.com,+15632512355
220,Michael Hernandez,"7873 RiverTerrace, Indianapolis, Indiana, 12595, USA",michael.hernandez@example.com,+10605019334
221,Melissa Ramirez,"8260 RiverStreet, San Diego, California, 88568, USA",melissa.ramirez@example.com,+11080247706
222,Steven Clark,"1394 CherryAvenue, San Jose, California, 88668, USA",steven.clark@example.com,+13797757150
223,Michael Martinez,"924 ElmBoulevard, San Diego, California, 26209, USA",michael.martinez@example.com,+18209861418
224,Mary Robinson,"6303 AppleDrive, Indianapolis, Indiana, 30687, USA",mary.robinson@example.com,+13277504496
225,Thomas Jackson,"3893 RiverCircle, San Jose, California, 90372, USA",thomas.jackson@example.com,+18846610911
226,David Lewis,"833 HillAvenue, Houston, Texas, 80970, USA",david.lewis@example.com,+10447366393
227,Elizabeth Davis,"4143 ChestnutPlace, Austin, Texas, 68956, USA",elizabeth.davis@example.com,+18591426919
228,Daniel Jones,"8481 AppleDrive, Los Angeles, California, 32785, USA",daniel.jones@example.com,+14262263725
229,Elizabeth Moore,"9204 OrangePlace, Charlotte, North Carolina, 24163, USA",elizabeth.moore@example.com,+17730886385
230,Daniel Ramirez,"4075 OakDrive, Chicago, Illinois, 47511, USA",daniel.ramirez@example.com,+10970162915
231,George Williams,"8556 OrangeCourt, Los Angeles, California, 12882, USA",george.williams@example.com,+18513312794
232,Christopher Smith,"7913 ChestnutLane, Seattle, Washington, 10243, USA",christopher.smith@example.com,+17099776254
233,Ashley Jones,"9623 WalnutCircle, Houston, Texas, 93992, USA",ashley.jones@example.com,+17901685512
234,Anthony Perez,"1029 OrangeAvenue, Denver, Colorado, 54491, USA",anthony.perez@example.com,+19192959262
235,Carol Wilson,"8827 HillPlace, Denver, Colorado, 70701, USA",carol.wilson@example.com,+16587609955
236,Robert Anderson,"9535 HighlandDrive, New York, New York, 46216, USA",robert.anderson@example.com,+16444365817
237,Emily Robinson,"1085 HighlandTerrace, Washington, District of Columbia, 63630, USA",emily.robinson@example.com,+18656288546
238,Barbara Ramirez,"9306 OrangeRoad, San Antonio, Texas, 60204, USA",barbara.ramirez@example.com,+17624970502
239,Kenneth Clark,"6732 ChestnutCourt, Jacksonville, Florida, 62010, USA",kenneth.clark@example.com,+12255318629
240,Mark Perez,"9161 SunsetDrive, Denver, Colorado, 56939, USA",mark.perez@example.com,+17423478872
241,Dorothy Robinson,"1814 HighlandBoulevard, San Diego, California, 76753, USA",dorothy.robinson@example.com,+14968512944
242,Dorothy Robinson,"3413 MapleAvenue, Washington, District of Columbia, 82574, USA",dorothy.robinson@example.com,+13166357185
243,James Hernandez,"588 CherryTerrace, San Francisco, California, 70779, USA",james.hernandez@example.com,+18565819047
244,Susan Lee,"1606 LakeRoad, Phoenix, Arizona, 34638, USA",susan.lee@example.com,+16374250434
245,Patricia Anderson,"3962 OakBoulevard, Los Angeles, California, 51914, USA",patricia.anderson@example.com,+12860915861
246,Jennifer Harris,"6564 RiverDrive, Philadelphia, Pennsylvania, 44286, USA",jennifer.harris@example.com,+15223132308
247,Michael Harris,"9091 ElmDrive, Columbus, Ohio, 92762, USA",michael.harris@example.com,+11075971206
248,Christopher Lee,"2155 WashingtonTerrace, San Jose, California, 85673, USA",christopher.lee@example.com,+12005357834
249,Thomas Thompson,"4197 RiverTerrace, Austin, Texas, 88597, USA",thomas.thompson@example.com,+16886729815
250,Kevin Clark,"3450 LakePlace, San Jose, California, 72137, USA",kevin.clark@example.com,+16092991264
251,Melissa Ramirez,"9410 BirchBoulevard, Chicago, Illinois, 24613, USA",melissa.ramirez@example.com,+12082999984
252,Susan Anderson,"4554 ChestnutBoulevard, Dallas, Texas, 30807, USA",susan.anderson@example.com,+12591283182
253,Karen White,"226 WashingtonStreet, San Diego, California, 26788, USA",karen.white@example.com,+10059807222
254,Michelle Ramirez,"2121 SunsetCircle, Columbus, Ohio, 39877, USA",michelle.ramirez@example.com,+13880450934
255,Thomas Hernandez,"8453 ElmCourt, Dallas, Texas, 12917, USA",thomas.hernandez@example.com,+17618875024
256,Andrew Clark,"8336 ElmCourt, Chicago, Illinois, 59785, USA",andrew.clark@example.com,+18314967636
257,Thomas Lee,"1580 CedarDrive, Denver, Colorado, 64087, USA",thomas.lee@example.com,+15782237123
258,Andrew Sanchez,"211 WashingtonCircle, San Diego, California, 67634, USA",andrew.sanchez@example.com,+11200454797
259,Joshua Sanchez,"250 OakDrive, Los Angeles, California, 79461, USA",joshua.sanchez@example.com,+19434818364
260,Thomas Smith,"1261 ParkBoulevard, Denver, Colorado, 62423, USA",thomas.smith@example.com,+12607740094
261,Andrew Anderson,"2341 HillCourt, San Diego, California, 17938, USA",andrew.anderson@example.com,+14611989204
262,Deborah Garcia,"5973 OrangeTerrace, Columbus, Ohio, 74065, USA",deborah.garcia@example.com,+17383819869
263,David Smith,"4993 ChestnutAvenue, Houston, Texas, 53046, USA",david.smith@example.com,+18364145331
264,Karen Davis,"3095 OrangeRoad, Austin, Texas, 45313, USA",karen.davis@example.com,+18800094429
265,Sarah Miller,"3851 OakStreet, Philadelphia, Pennsylvania, 22999, USA",sarah.miller@example.com,+17678512216
266,Andrew Lee,"6904 WashingtonLane, Washington, District of Columbia, 12015, USA",andrew.lee@example.com,+17109011149
267,Mary Miller,"1182 ChestnutBoulevard, Fort Worth, Texas, 54132, USA",mary.miller@example.com,+17283623076
268,Lisa Thompson,"3337 HighlandCourt, Phoenix, Arizona, 51574, USA",lisa.thompson@example.com,+10368535364
269,Barbara Anderson,"8944 ChestnutCourt, Washington, District of Columbia, 63300, USA",barbara.anderson@example.com,+17492236360
270,Mark Clark,"6314 RiverCourt, Columbus, Ohio, 67544, USA",mark.clark@example.com,+14116165558
271,Thomas Gonzalez,"1614 CenterCourt, San Jose, California, 32413, USA",thomas.gonzalez@example.com,+19677376392
272,Mark Rodriguez,"9140 OrangeTerrace, Houston, Texas, 14039, USA",mark.rodriguez@example.com,+11156153043
273,Emily Taylor,"9444 WalnutCircle, Columbus, Ohio, 79315, USA",emily.taylor@example.com,+14605884145
274,Edward Garcia,"4625 HillCircle, Phoenix, Arizona, 47355, USA",edward.garcia@example.com,+17433083377
275,Lisa Anderson,"1289 WashingtonLane, Denver, Colorado, 41421, USA",lisa.anderson@example.com,+13929560463
276,Mary Harris,"6176 CenterLane, Philadelphia, Pennsylvania, 38253, USA",mary.harris@example.com,+13156040295
277,Linda Wilson,"9540 ElmBoulevard, Charlotte, North Carolina, 85408, USA",linda.wilson@example.com,+13057764622
278,Charles Smith,"5381 OrangeLane, San Francisco, California, 20550, USA",charles.smith@example.com,+12058820759
279,Joseph Harris,"2536 WashingtonCourt, Jacksonville, Florida, 18194, USA",joseph.harris@example.com,+15514871807
280,Ashley Thomas,"8554 OrangeLane, San Diego, California, 50207, USA",ashley.thomas@example.com,+15283618819
281,Barbara Harris,"2147 OrangeDrive, Los Angeles, California, 99728, USA",barbara.harris@example.com,+11626246944
282,Karen Lewis,"8928 ElmLane, Washington, District of Columbia, 49402, USA",karen.lewis@example.com,+18468089043
283,Richard Moore,"1858 WalnutTerrace, New York, New York, 37004, USA",richard.moore@example.com,+16527697083
284,Melissa Williams,"671 WashingtonCircle, Indianapolis, Indiana, 64615, USA",melissa.williams@example.com,+18214377994
285,Margaret Jackson,"5085 WashingtonLane, Chicago, Illinois, 90011, USA",margaret.jackson@example.com,+16855001528
286,Steven Ramirez,"6199 WalnutTerrace, San Francisco, California, 47029, USA",steven.ramirez@example.com,+12831647163
287,Robert Thomas,"6707 HillPlace, Seattle, Washington, 61856, USA",robert.thomas@example.com,+14787463776
288,Patricia Davis,"5997 PineStreet, Indianapolis, Indiana, 20589, USA",patricia.davis@example.com,+19594723587
289,Carol Robinson,"1135 CenterStreet, San Francisco, California, 69092, USA",carol.robinson@example.com,+12942440666
290,Paul Robinson,"5149 BirchCourt, Charlotte, North Carolina, 38238, USA",paul.robinson@example.com,+11243342051
291,Michael Davis,"722 MapleBoulevard, Jacksonville, Florida, 12141, USA",michael.davis@example.com,+18125131019
292,Charles Taylor,"5916 ElmStreet, Los Angeles, California, 91810, USA",charles.taylor@example.com,+18992155405
293,Sandra Thompson,"5436 RiverBoulevard, Los Angeles, California, 42755, USA",sandra.thompson@example.com,+19995555744
294,David Perez,"9973 ChestnutTerrace, Philadelphia, Pennsylvania, 72921, USA",david.perez@example.com,+12643261446
295,Donald Miller,"1974 BirchCircle, New York, New York, 28759, USA",donald.miller@example.com,+11997837482
296,Michelle Rodriguez,"8720 AppleTerrace, San Francisco, California, 92035, USA",michelle.rodriguez@example.com,+16421083024
297,Jessica Jackson,"6671 HighlandStreet, San Antonio, Texas, 63729, USA",jessica.jackson@example.com,+18854600982
298,Mark Sanchez,"9753 SunsetAvenue, Columbus, Ohio, 29203, USA",mark.sanchez@example.com,+15773965266
299,Robert Miller,"9318 LakeAvenue, Columbus, Ohio, 78309, USA",robert.miller@example.com,+11437371366
300,Kenneth Davis,"9853 HillStreet, Austin, Texas, 79562, USA",kenneth.davis@example.com,+16509525761
301,Daniel Perez,"3892 PineRoad, New York, New York, 38966, USA",daniel.perez@example.com,+15139779990
302,Andrew Brown,"8163 MainStreet, Chicago, Illinois, 14974, USA",andrew.brown@example.com,+17014514181
303,Mark Brown,"3175 ElmPlace, Fort Worth, Texas, 51860, USA",mark.brown@example.com,+13150914498
304,Brian Taylor,"7146 PineAvenue, New York, New York, 37643, USA",brian.taylor@example.com,+11846782494
305,Kimberly Harris,"3065 LakeCourt, Fort Worth, Texas, 81873, USA",kimberly.harris@example.com,+13096220351
306,Andrew Rodriguez,"6231 WalnutRoad, San Jose, California, 95029, USA",andrew.rodriguez@example.com,+11720770420
307,Karen Taylor,"2575 LakeRoad, San Jose, California, 31675, USA",karen.taylor@example.com,+16902699314
308,Brian Clark,"93 OrangeRoad, Fort Worth, Texas, 42485, USA",brian.clark@example.com,+15626762055
309,David Sanchez,"4658 SunsetLane, Houston, Texas, 11853, USA",david.sanchez@example.com,+12976041514
310,Richard White,"5440 BirchCircle, San Jose, California, 28034, USA",richard.white@example.com,+14219294550
311,Charles Jones,"7771 CedarStreet, Indianapolis, Indiana, 89233, USA",charles.jones@example.com,+10491309311
312,Jennifer Thompson,"7425 SunsetStreet, Denver, Colorado, 11959, USA",jennifer.thompson@example.com,+19415606116
313,Margaret Wilson,"7877 BirchBoulevard, Charlotte, North Carolina, 32686, USA",margaret.wilson@example.com,+13112214776
314,Sandra Davis,"1387 MainTerrace, San Francisco, California, 28920, USA",sandra.davis@example.com,+18679548446
315,Richard Davis,"1101 CherryRoad, New York, New York, 71573, USA",richard.davis@example.com,+15162602125
316,Lisa Lewis,"3490 AppleTerrace, Philadelphia, Pennsylvania, 46965, USA",lisa.lewis@example.com,+11228049702
317,Kevin Johnson,"6851 OakStreet, Washington, District of Columbia, 55395, USA",kevin.johnson@example.com,+16146283008
318,Sarah Lopez,"9301 BirchCircle, Austin, Texas, 94084, USA",sarah.lopez@example.com,+14951282491
319,Charles Jones,"7006 ParkTerrace, San Francisco, California, 12274, USA",charles.jones@example.com,+15066678275
320,Dorothy White,"5428 CenterCircle, Fort Worth, Texas, 27736, USA",dorothy.white@example.com,+14453555960
321,George Robinson,"3786 HillTerrace, Philadelphia, Pennsylvania, 98264, USA",george.robinson@example.com,+18620944679
322,Michael Harris,"8311 CenterStreet, Dallas, Texas, 73649, USA",michael.harris@example.com,+14045516843
323,Joshua Thompson,"5222 HillLane, San Antonio, Texas, 28826, USA",joshua.thompson@example.com,+14343531167
324,Thomas Perez,"9316 CherryPlace, Chicago, Illinois, 87624, USA",thomas.perez@example.com,+14869130194
325,Barbara Lee,"6289 MainCircle, Los Angeles, California, 88355, USA",barbara.lee@example.com,+19000688331
326,Jennifer Clark,"760 SunsetCourt, Washington, District of Columbia, 80207, USA",jennifer.clark@example.com,+18970627491
327,Edward Harris,"3219 LakeTerrace, Washington, District of Columbia, 57549, USA",edward.harris@example.com,+10954374612
328,Charles Jones,"6617 HighlandRoad, Jacksonville, Florida, 67455, USA",charles.jones@example.com,+14524597967
329,Paul Hernandez,"5067 OakStreet, Philadelphia, Pennsylvania, 34281, USA",paul.hernandez@example.com,+10562850892
330,Matthew Robinson,"9019 OrangeRoad, San Antonio, Texas, 43619, USA",matthew.robinson@example.com,+12996648707
331,Joseph Harris,"8395 ParkRoad, San Francisco, California, 79456, USA",joseph.harris@example.com,+15808111544
332,Matthew Thompson,"6289 HillAvenue, Houston, Texas, 88093, USA",matthew.thompson@example.com,+19314939578
333,Sarah Williams,"9444 CedarDrive, San Jose, California, 68623, USA",sarah.williams@example.com,+17406635572
334,Joshua Hernandez,"4799 PineCircle, San Francisco, California, 15206, USA",joshua.hernandez@example.com,+15006673545
335,Charles Lewis,"1366 SunsetAvenue, Phoenix, Arizona, 78024, USA",charles.lewis@example.com,+13728174462
336,Lisa Lewis,"9141 MainTerrace, Fort Worth, Texas, 23345, USA",lisa.lewis@example.com,+16621592215
337,Betty Hernandez,"6004 WashingtonCircle, Charlotte, North Carolina, 37790, USA",betty.hernandez@example.com,+16702867102
338,Matthew Thompson,"2714 RiverCourt, Phoenix, Arizona, 82275, USA",matthew.thompson@example.com,+13159505783
339,Jennifer Perez,"359 RiverCourt, Austin, Texas, 22777, USA",jennifer.perez@example.com,+14600028867
340,Ashley Martin,"5302 CherryCourt, Indianapolis, Indiana, 95352, USA",ashley.martin@example.com,+19703092171
341,Melissa Taylor,"5421 PineCourt, San Antonio, Texas, 50171, USA",melissa.taylor@example.com,+11586716125
342,Matthew Harris,"1570 MapleDrive, Philadelphia, Pennsylvania, 38414, USA",matthew.harris@example.com,+13367538428
343,David White,"1054 OakStreet, New York, New York, 52968, USA",david.white@example.com,+17395264010
344,Kimberly Martin,"2945 HillPlace, Washington, District of Columbia, 96861, USA",kimberly.martin@example.com,+12515396580
345,Kenneth Wilson,"3479 CherryLane, Columbus, Ohio, 91350, USA",kenneth.wilson@example.com,+14675746863
346,David Perez,"2264 SunsetCourt, Jacksonville, Florida, 95074, USA",david.perez@example.com,+18899328681
347,Dorothy Jones,"4694 LakeLane, Washington, District of Columbia, 61452, USA",dorothy.jones@example.com,+16873212354
348,Robert Jones,"4036 ParkCourt, San Antonio, Texas, 64488, USA",robert.jones@example.com,+14040838788
349,Andrew Williams,"4471 PineCourt, New York, New York, 40434, USA",andrew.williams@example.com,+13630213640
350,Linda Martin,"7108 WashingtonLane, Indianapolis, Indiana, 43855, USA",linda.martin@example.com,+17065136835
351,Dorothy Miller,"7329 HillTerrace, Indianapolis, Indiana, 10094, USA",dorothy.miller@example.com,+16789979382
352,Ashley Perez,"8760 RiverLane, San Jose, California, 39952, USA",ashley.perez@example.com,+17418888412
353,Mark Jones,"4842 CherryCircle, Washington, District of Columbia, 37322, USA",mark.jones@example.com,+18869567169
354,Donna Lopez,"8290 OrangeBoulevard, San Francisco, California, 95687, USA",donna.lopez@example.com,+19785230796
355,Susan Thomas,"7822 WashingtonDrive, San Francisco, California, 76660, USA",susan.thomas@example.com,+19645866394
356,Daniel Lewis,"6101 MainCircle, Jacksonville, Florida, 56594, USA",daniel.lewis@example.com,+16416009047
357,James Harris,"96 WashingtonCourt, Chicago, Illinois, 89415, USA",james.harris@example.com,+12960360265
358,Joseph Thompson,"2070 CenterPlace, San Francisco, California, 14405, USA",joseph.thompson@example.com,+17967000943
359,George Garcia,"8392 CenterStreet, New York, New York, 77954, USA",george.garcia@example.com,+14648018723
360,Jessica Lewis,"8455 MainTerrace, San Jose, California, 53935, USA",jessica.lewis@example.com,+19892373803
361,Kevin Sanchez,"3491 MapleAvenue, Denver, Colorado, 38714, USA",kevin.sanchez@example.com,+11892650652
362,William Rodriguez,"4846 CherryAvenue, Indianapolis, Indiana, 38707, USA",william.rodriguez@example.com,+18850885126
363,Andrew Moore,"6015 ElmDrive, Charlotte, North Carolina, 39042, USA",andrew.moore@example.com,+10528820665
364,Amanda White,"1561 RiverTerrace, San Francisco, California, 39661, USA",amanda.white@example.com,+19753848664
365,Emily Lopez,"7114 OakCourt, Los Angeles, California, 41421, USA",emily.lopez@example.com,+10916418959
366,Deborah Thomas,"1591 RiverBoulevard, San Jose, California, 27929, USA",deborah.thomas@example.com,+14959339825
367,Kimberly Smith,"5985 ChestnutTerrace, New York, New York, 28452, USA",kimberly.smith@example.com,+12908371461
368,Patricia Lopez,"4911 MainPlace, San Diego, California, 42701, USA",patricia.lopez@example.com,+16109321697
369,Karen Davis,"9407 CedarAvenue, Chicago, Illinois, 41319, USA",karen.davis@example.com,+15208983252
370,Kevin Lewis,"4190 PineDrive, Columbus, Ohio, 59170, USA",kevin.lewis@example.com,+17755806323
371,Kimberly Jackson,"6767 WalnutCircle, New York, New York, 78276, USA",kimberly.jackson@example.com,+13547323062
372,Donna Williams,"8770 ParkAvenue, San Diego, California, 49285, USA",donna.williams@example.com,+11034318098
373,Nancy Jackson,"2638 OrangeDrive, Philadelphia, Pennsylvania, 14606, USA",nancy.jackson@example.com,+13818137522
374,Patricia Rodriguez,"7624 OrangeDrive, Houston, Texas, 74071, USA",patricia.rodriguez@example.com,+13362859244
375,Amanda Thomas,"2250 ElmCircle, New York, New York, 18093, USA",amanda.thomas@example.com,+12047475370
376,George Wilson,"2216 SunsetPlace, Austin, Texas, 30002, USA",george.wilson@example.com,+18057907253
377,Daniel Thompson,"8776 OakStreet, Charlotte, North Carolina, 26603, USA",daniel.thompson@example.com,+10510494059
378,Joshua Robinson,"6155 RiverTerrace, Jacksonville, Florida, 48644, USA",joshua.robinson@example.com,+17182925146
379,Melissa Lee,"6712 WashingtonDrive, Fort Worth, Texas, 87630, USA",melissa.lee@example.com,+19208894524
380,Susan Rodriguez,"7448 LakeCircle, Indianapolis, Indiana, 39779, USA",susan.rodriguez@example.com,+17588856025
381,Deborah Garcia,"9285 HighlandTerrace, Austin, Texas, 91541, USA",deborah.garcia@example.com,+12103843978
382,Emily Anderson,"881 ElmCircle, Austin, Texas, 27775, USA",emily.anderson@example.com,+15717480859
383,Karen Clark,"5184 AppleTerrace, Philadelphia, Pennsylvania, 77330, USA",karen.clark@example.com,+16114772351
384,Joseph Rodriguez,"3157 RiverRoad, Jacksonville, Florida, 56938, USA",joseph.rodriguez@example.com,+14789508483
385,Mary Perez,"8723 RiverPlace, Chicago, Illinois, 27324, USA",mary.perez@example.com,+19261403252
386,Melissa White,"6167 AppleCourt, Houston, Texas, 17211, USA",melissa.white@example.com,+16934468923
387,Melissa Lopez,"9322 MainDrive, Chicago, Illinois, 83385, USA",melissa.lopez@example.com,+13336192043
388,Mary Gonzalez,"7738 RiverCircle, Seattle, Washington, 14965, USA",mary.gonzalez@example.com,+17574006885
389,James Thomas,"8371 MapleCourt, San Jose, California, 40538, USA",james.thomas@example.com,+13289072358
390,Kevin Sanchez,"786 CherryRoad, Fort Worth, Texas, 26802, USA",kevin.sanchez@example.com,+12690729873
391,Paul Anderson,"2525 MaplePlace, San Jose, California, 84006, USA",paul.anderson@example.com,+17538709787
392,Michelle Brown,"4516 BirchTerrace, San Diego, California, 46797, USA",michelle.brown@example.com,+12167100244
393,Donna Lewis,"9672 WashingtonAvenue, Austin, Texas, 12719, USA",donna.lewis@example.com,+10313626679
394,Emily Jackson,"7741 HillStreet, Charlotte, North Carolina, 87469, USA",emily.jackson@example.com,+12913323128
395,Donna Ramirez,"3950 CenterRoad, Chicago, Illinois, 29788, USA",donna.ramirez@example.com,+13504718687
396,David Clark,"8437 CenterStreet, Seattle, Washington, 91585, USA",david.clark@example.com,+14562355469
397,Jennifer Taylor,"2111 MapleDrive, San Francisco, California, 17081, USA",jennifer.taylor@example.com,+16249461082
398,Melissa Ramirez,"5510 MainCircle, Chicago, Illinois, 99010, USA",melissa.ramirez@example.com,+10960401857
399,Michelle Sanchez,"7042 OrangeAvenue, Chicago, Illinois, 73113, USA",michelle.sanchez@example.com,+19742519461
400,Joseph Wilson,"3997 HillAvenue, New York, New York, 75138, USA",joseph.wilson@example.com,+19247516104
401,Patricia Martin,"7598 OrangeStreet, Columbus, Ohio, 82179, USA",patricia.martin@example.com,+10728929430
402,Andrew Sanchez,"2451 HighlandRoad, New York, New York, 62057, USA",andrew.sanchez@example.com,+15109386523
403,Barbara Lee,"7637 WashingtonBoulevard, San Francisco, California, 21256, USA",barbara.lee@example.com,+12261974145
404,Kevin Martin,"6641 ApplePlace, Washington, District of Columbia, 98323, USA",kevin.martin@example.com,+14066830303
405,Joshua Jones,"3687 ChestnutAvenue, Fort Worth, Texas, 12704, USA",joshua.jones@example.com,+10964186861
406,Mary Williams,"3582 SunsetDrive, Dallas, Texas, 53086, USA",mary.williams@example.com,+10366786315
407,Linda Rodriguez,"2351 OakTerrace, San Francisco, California, 90437, USA",linda.rodriguez@example.com,+16265695424
408,Donna Garcia,"5931 RiverCourt, Washington, District of Columbia, 12656, USA",donna.garcia@example.com,+19417396880
409,George Smith,"1832 PineStreet, Los Angeles, California, 27185, USA",george.smith@example.com,+10989331720
410,Donald Lee,"1917 SunsetCourt, New York, New York, 22410, USA",donald.lee@example.com,+12451874662
411,Kenneth Smith,"2017 OakCourt, Philadelphia, Pennsylvania, 46517, USA",kenneth.smith@example.com,+17017856191
412,Margaret Anderson,"4497 HillStreet, Austin, Texas, 46221, USA",margaret.anderson@example.com,+16306368002
413,Jennifer Sanchez,"4810 LakeLane, San Jose, California, 73176, USA",jennifer.sanchez@example.com,+10566251664
414,Kevin Davis,"7746 MapleCourt, Columbus, Ohio, 83940, USA",kevin.davis@example.com,+18028997891
415,Jennifer Johnson,"8424 LakeAvenue, Houston, Texas, 24942, USA",jennifer.johnson@example.com,+17453665828
416,David Wilson,"2503 ElmBoulevard, Chicago, Illinois, 66507, USA",david.wilson@example.com,+11363065429
417,Patricia Lewis,"2321 ElmPlace, Los Angeles, California, 89477, USA",patricia.lewis@example.com,+15018935265
418,Karen Harris,"7885 ChestnutStreet, Chicago, Illinois, 76666, USA",karen.harris@example.com,+16960237679
419,Amanda Johnson,"2005 HillDrive, Jacksonville, Florida, 75217, USA",amanda.johnson@example.com,+19458786412
420,David Rodriguez,"5323 BirchAvenue, San Diego, California, 84991, USA",david.rodriguez@example.com,+19388072157
421,George Anderson,"7549 CedarStreet, Indianapolis, Indiana, 57298, USA",george.anderson@example.com,+13616023633
422,William Clark,"3835 RiverCourt, San Francisco, California, 98714, USA",william.clark@example.com,+16306483630
423,Christopher Miller,"6469 ElmStreet, Charlotte, North Carolina, 51507, USA",christopher.miller@example.com,+13096526728
424,Margaret Sanchez,"974 WalnutPlace, Los Angeles, California, 53180, USA",margaret.sanchez@example.com,+11476478988
425,Sarah Martin,"7773 MaplePlace, Los Angeles, California, 91049, USA",sarah.martin@example.com,+13732514236
426,Ashley Davis,"6199 CherryAvenue, San Diego, California, 85990, USA",ashley.davis@example.com,+10477443527
427,Thomas Thomas,"6315 RiverTerrace, Columbus, Ohio, 58588, USA",thomas.thomas@example.com,+15202511589
428,Matthew Smith,"5377 ChestnutTerrace, Houston, Texas, 34458, USA",matthew.smith@example.com,+10991681684
429,Edward Rodriguez,"8102 MainPlace, Los Angeles, California, 67702, USA",edward.rodriguez@example.com,+15516625117
430,Amanda Rodriguez,"6733 AppleCourt, Indianapolis, Indiana, 36204, USA",amanda.rodriguez@example.com,+19057829461
431,Linda Martinez,"1357 ElmCircle, Seattle, Washington, 97901, USA",linda.martinez@example.com,+12127339082
432,Robert Thomas,"5354 ParkPlace, Indianapolis, Indiana, 92990, USA",robert.thomas@example.com,+17871407365
433,Lisa Smith,"7661 OakBoulevard, Washington, District of Columbia, 44388, USA",lisa.smith@example.com,+14741501148
434,Patricia White,"682 CedarStreet, Indianapolis, Indiana, 52158, USA",patricia.white@example.com,+10755785074
435,Richard Moore,"3912 AppleCourt, San Jose, California, 78829, USA",richard.moore@example.com,+12518967609
436,Dorothy Brown,"8448 SunsetLane, Austin, Texas, 63610, USA",dorothy.brown@example.com,+11277614463
437,William Anderson,"8411 HighlandLane, Philadelphia, Pennsylvania, 75585, USA",william.anderson@example.com,+17643807326
438,Christopher Garcia,"7782 CherryRoad, Seattle, Washington, 30935, USA",christopher.garcia@example.com,+10894255969
439,Richard Williams,"479 CenterTerrace, Dallas, Texas, 70446, USA",richard.williams@example.com,+15595946531
440,Joshua Davis,"6857 ChestnutCircle, Columbus, Ohio, 40098, USA",joshua.davis@example.com,+19185924871
441,Betty Moore,"4130 CedarPlace, Jacksonville, Florida, 91825, USA",betty.moore@example.com,+17891770858
442,Mark Lopez,"2483 RiverLane, Fort Worth, Texas, 32911, USA",mark.lopez@example.com,+11506808124
443,Elizabeth Gonzalez,"2925 ParkLane, San Francisco, California, 99448, USA",elizabeth.gonzalez@example.com,+16382105751
444,Kimberly Clark,"7418 ParkRoad, Jacksonville, Florida, 59915, USA",kimberly.clark@example.com,+14567008149
445,Barbara Martinez,"8204 CedarTerrace, Los Angeles, California, 43691, USA",barbara.martinez@example.com,+18967094741
446,Barbara Hernandez,"3943 ApplePlace, Los Angeles, California, 85900, USA",barbara.hernandez@example.com,+12235834203
447,Patricia Hernandez,"7558 MapleStreet, New York, New York, 25074, USA",patricia.hernandez@example.com,+16833665531
448,Lisa Thomas,"6601 AppleRoad, Houston, Texas, 80963, USA",lisa.thomas@example.com,+10678534621
449,Thomas Davis,"9402 LakeTerrace, San Antonio, Texas, 73623, USA",thomas.davis@example.com,+17795290460
450,Thomas Davis,"9000 WalnutCourt, Washington, District of Columbia, 23912, USA",thomas.davis@example.com,+17539721419
451,Kimberly Johnson,"8175 ApplePlace, Fort Worth, Texas, 27192, USA",kimberly.johnson@example.com,+16126599566
452,Paul Lopez,"8408 ElmCourt, San Diego, California, 63836, USA",paul.lopez@example.com,+12566025449
453,Patricia Smith,"5889 MainStreet, Philadelphia, Pennsylvania, 13122, USA",patricia.smith@example.com,+10349912199
454,Margaret Taylor,"931 MainStreet, Denver, Colorado, 31129, USA",margaret.taylor@example.com,+19401911502
455,Barbara White,"44 ChestnutStreet, Fort Worth, Texas, 69136, USA",barbara.white@example.com,+19293449368
456,Patricia Rodriguez,"4771 HillDrive, San Jose, California, 88565, USA",patricia.rodriguez@example.com,+15698104453
457,Kevin Garcia,"9724 LakeStreet, Washington, District of Columbia, 43405, USA",kevin.garcia@example.com,+13894214884
458,Patricia Miller,"1228 BirchCourt, New York, New York, 77993, USA",patricia.miller@example.com,+15817395528
459,Joshua Rodriguez,"2490 PineDrive, Chicago, Illinois, 36062, USA",joshua.rodriguez@example.com,+13132669658
460,Joseph Lee,"7292 OrangeCourt, Phoenix, Arizona, 45066, USA",joseph.lee@example.com,+17124389891
461,Ashley Wilson,"1893 PineRoad, New York, New York, 56121, USA",ashley.wilson@example.com,+10057343637
462,Karen Clark,"1097 OakCircle, San Jose, California, 20753, USA",karen.clark@example.com,+17281085285
463,Linda Davis,"5112 RiverLane, New York, New York, 83717, USA",linda.davis@example.com,+17659306165
464,Joshua Sanchez,"2611 CherryRoad, Philadelphia, Pennsylvania, 46179, USA",joshua.sanchez@example.com,+12612985580
465,Dorothy Lewis,"6952 ChestnutBoulevard, San Diego, California, 11987, USA",dorothy.lewis@example.com,+17534646866
466,Jennifer Johnson,"4552 OrangeBoulevard, San Jose, California, 41020, USA",jennifer.johnson@example.com,+14748864011
467,Daniel Taylor,"3010 WalnutPlace, Houston, Texas, 13307, USA",daniel.taylor@example.com,+17930582595
468,William White,"1186 HillDrive, Chicago, Illinois, 49236, USA",william.white@example.com,+14558353495
469,Barbara Hernandez,"1264 WalnutLane, San Francisco, California, 99597, USA",barbara.hernandez@example.com,+14613312005
470,Emily Jones,"5778 MapleCourt, Dallas, Texas, 18036, USA",emily.jones@example.com,+11491237629
471,William Davis,"9510 OakCourt, Seattle, Washington, 14246, USA",william.davis@example.com,+17863590496
472,Melissa Gonzalez,"4606 PineRoad, Austin, Texas, 45005, USA",melissa.gonzalez@example.com,+12757408019
473,Steven Smith,"1284 HillTerrace, Phoenix, Arizona, 57721, USA",steven.smith@example.com,+14314751833
474,Sandra Lopez,"743 SunsetAvenue, Philadelphia, Pennsylvania, 88186, USA",sandra.lopez@example.com,+11840584107
475,Sarah Jackson,"7288 LakeDrive, Washington, District of Columbia, 28170, USA",sarah.jackson@example.com,+17725177082
476,John White,"3189 WalnutTerrace, Houston, Texas, 55749, USA",john.white@example.com,+12242328995
477,Anthony Johnson,"1184 OakCourt, Dallas, Texas, 29342, USA",anthony.johnson@example.com,+17644346802
478,David White,"3121 ElmCircle, San Francisco, California, 73456, USA",david.white@example.com,+17802256190
479,Margaret Rodriguez,"5192 HighlandLane, San Diego, California, 94602, USA",margaret.rodriguez@example.com,+18681291573
480,Mark Anderson,"5120 ElmCircle, San Antonio, Texas, 52486, USA",mark.anderson@example.com,+17149190951
481,Joseph Taylor,"1750 CherryLane, Denver, Colorado, 45603, USA",joseph.taylor@example.com,+12194842419
482,John Brown,"8531 CedarStreet, Philadelphia, Pennsylvania, 12617, USA",john.brown@example.com,+12833598954
483,William Thomas,"261 CherryLane, Charlotte, North Carolina, 36621, USA",william.thomas@example.com,+13341357039
484,Elizabeth Jones,"6893 LakeAvenue, Charlotte, North Carolina, 52392, USA",elizabeth.jones@example.com,+11708416085
485,Patricia Clark,"4226 RiverPlace, Seattle, Washington, 36816, USA",patricia.clark@example.com,+10494388545
486,Deborah Sanchez,"3095 OakCircle, Fort Worth, Texas, 71260, USA",deborah.sanchez@example.com,+18094075899
487,Mark Davis,"6333 OrangePlace, San Francisco, California, 58663, USA",mark.davis@example.com,+14123072794
488,Michael Lee,"4172 RiverBoulevard, Denver, Colorado, 95819, USA",michael.lee@example.com,+12471938229
489,Paul Taylor,"5172 SunsetLane, Austin, Texas, 81462, USA",paul.taylor@example.com,+15902471200
490,Michael Davis,"8664 MainCircle, Jacksonville, Florida, 53464, USA",michael.davis@example.com,+15385844445
491,Margaret Smith,"1561 ChestnutLane, Fort Worth, Texas, 58556, USA",margaret.smith@example.com,+15086449678
492,Robert Brown,"6456 LakeCircle, San Antonio, Texas, 18643, USA",robert.brown@example.com,+10175587087
493,Joshua Wilson,"1433 OakPlace, Charlotte, North Carolina, 30918, USA",joshua.wilson@example.com,+19944512279
494,Kimberly Harris,"2606 CenterStreet, Chicago, Illinois, 35669, USA",kimberly.harris@example.com,+12521176025
495,John Williams,"9371 OakStreet, San Diego, California, 34783, USA",john.williams@example.com,+12438035217
496,Patricia Davis,"2506 MapleDrive, Houston, Texas, 65132, USA",patricia.davis@example.com,+19668910365
497,Kenneth Smith,"4376 CenterAvenue, San Antonio, Texas, 90795, USA",kenneth.smith@example.com,+13217523204
498,Robert Anderson,"3708 WashingtonTerrace, Fort Worth, Texas, 23829, USA",robert.anderson@example.com,+10542018654
499,David Johnson,"4631 ChestnutStreet, San Jose, California, 44389, USA",david.johnson@example.com,+17168602412
500,Nancy Moore,"5457 CherryDrive, San Diego, California, 38096, USA",nancy.moore@example.com,+15332325222
